id,path,label,NOSE_X,NOSE_Y,LEFT_EYE_INNER_X,LEFT_EYE_INNER_Y,LEFT_EYE_X,LEFT_EYE_Y,LEFT_EYE_OUTER_X,LEFT_EYE_OUTER_Y,RIGHT_EYE_INNER_X,RIGHT_EYE_INNER_Y,RIGHT_EYE_X,RIGHT_EYE_Y,RIGHT_EYE_OUTER_X,RIGHT_EYE_OUTER_Y,LEFT_EAR_X,LEFT_EAR_Y,RIGHT_EAR_X,RIGHT_EAR_Y,MOUTH_LEFT_X,MOUTH_LEFT_Y,MOUTH_RIGHT_X,MOUTH_RIGHT_Y,LEFT_SHOULDER_X,LEFT_SHOULDER_Y,RIGHT_SHOULDER_X,RIGHT_SHOULDER_Y,LEFT_ELBOW_X,LEFT_ELBOW_Y,RIGHT_ELBOW_X,RIGHT_ELBOW_Y,LEFT_WRIST_X,LEFT_WRIST_Y,RIGHT_WRIST_X,RIGHT_WRIST_Y,LEFT_PINKY_X,LEFT_PINKY_Y,RIGHT_PINKY_X,RIGHT_PINKY_Y,LEFT_INDEX_X,LEFT_INDEX_Y,RIGHT_INDEX_X,RIGHT_INDEX_Y,LEFT_THUMB_X,LEFT_THUMB_Y,RIGHT_THUMB_X,RIGHT_THUMB_Y,LEFT_HIP_X,LEFT_HIP_Y,RIGHT_HIP_X,RIGHT_HIP_Y,LEFT_KNEE_X,LEFT_KNEE_Y,RIGHT_KNEE_X,RIGHT_KNEE_Y,LEFT_ANKLE_X,LEFT_ANKLE_Y,RIGHT_ANKLE_X,RIGHT_ANKLE_Y,LEFT_HEEL_X,LEFT_HEEL_Y,RIGHT_HEEL_X,RIGHT_HEEL_Y,LEFT_FOOT_INDEX_X,LEFT_FOOT_INDEX_Y,RIGHT_FOOT_INDEX_X,RIGHT_FOOT_INDEX_Y
1,data/dataset/train/subject-2/fall/2_backward_falls\frame001.jpg,0,,,,,,,,,,,,,,,,,,,,,,,,,,,,,,,,,,,,,,,,,,,,,,,,,,,,,,,,,,,,,,,,,,
2,data/dataset/train/subject-2/fall/2_backward_falls\frame002.jpg,0,591,211,583,206,584,206,585,206,578,209,576,210,574,212,581,217,566,226,597,222,591,224,599,272,573,289,,,594,369,,,633,441,,,643,462,,,650,459,,,,,632,411,631,416,,,,,,,,,,,,,,,,
3,data/dataset/train/subject-2/fall/2_backward_falls\frame003.jpg,0,586,211,579,208,580,209,581,208,575,212,573,214,571,217,580,220,565,232,594,221,589,224,607,274,583,293,,,608,373,,,649,443,,,657,463,,,666,459,,,,,645,415,643,422,,,,,,,,,,,,,,,,
4,data/dataset/train/subject-2/fall/2_backward_falls\frame004.jpg,0,583,237,575,239,575,239,576,239,573,241,573,242,571,244,578,248,570,255,591,244,588,246,608,288,602,308,,,630,386,,,677,449,,,686,467,,,694,463,,,,,651,414,657,424,,,,,,,,,,,,,,,,
5,data/dataset/train/subject-2/fall/2_backward_falls\frame005.jpg,0,596,266,589,263,589,262,589,262,587,266,586,267,586,269,587,269,583,279,602,273,599,276,613,305,610,336,,,646,411,,,702,463,,,717,483,,,725,478,,,,,665,425,675,447,,,,,,,,,,,,,,,,
6,data/dataset/train/subject-2/fall/2_backward_falls\frame006.jpg,0,608,282,599,278,598,278,598,277,599,281,598,282,598,284,595,289,595,297,612,291,611,294,613,330,622,358,,,661,431,,,724,479,,,740,496,,,746,489,,,,,671,443,679,466,,,,,,,,,,,,,,,,
7,data/dataset/train/subject-2/fall/2_backward_falls\frame007.jpg,0,620,303,610,303,609,304,609,304,613,307,612,309,612,310,604,317,604,325,625,312,624,314,620,344,628,383,,,672,456,,,737,506,,,752,523,,,757,517,,,,,672,446,676,479,,,,,,,,,,,,,,,,
8,data/dataset/train/subject-2/fall/2_backward_falls\frame008.jpg,0,645,331,635,330,634,329,633,329,635,333,633,335,632,333,624,334,624,346,644,344,646,344,635,372,634,412,,,673,488,,,737,536,,,753,556,,,760,551,,,757,545,679,485,679,515,,,,,,,,,,,,,,,,
9,data/dataset/train/subject-2/fall/2_backward_falls\frame009.jpg,0,630,364,626,359,625,359,624,359,629,359,630,358,632,357,623,358,634,357,630,366,632,366,621,376,656,376,,,678,460,,,,,,,,,,,,,,,,,656,463,675,450,,,,,,,,,,,,,,,,
10,data/dataset/train/subject-2/fall/2_backward_falls\frame010.jpg,0,645,426,641,424,639,424,637,423,646,425,647,425,649,425,633,420,649,423,643,424,648,425,622,421,666,440,,,,,,,,,,,,,,,,,,,,,663,502,683,509,,,,,,,,,,,,,,,,
11,data/dataset/train/subject-2/fall/2_backward_falls\frame011.jpg,0,658,428,649,419,647,419,645,419,650,421,650,422,649,424,633,429,640,434,658,438,658,439,625,464,650,499,,,,,,,,,,,,,,,,,,,,,669,563,681,588,,,,,,,,,,,,,,,,
12,data/dataset/train/subject-2/fall/2_backward_falls\frame012.jpg,0,651,461,641,453,641,452,642,451,642,457,643,459,644,460,617,456,623,468,647,467,645,470,615,484,608,531,,,631,596,,,,,,,,,,,,,,,,,656,573,655,604,,,,,,,,,,,,,,,,
13,data/dataset/train/subject-2/fall/2_backward_falls\frame013.jpg,0,584,475,575,468,573,468,573,467,576,472,576,474,575,476,561,472,562,484,582,481,582,484,562,493,568,547,,,597,606,,,,,,,,,,,,,,,,,616,574,623,611,,,,,,,,,,,,,,,,
14,data/dataset/train/subject-2/fall/2_backward_falls\frame014.jpg,0,518,490,508,485,508,484,508,484,507,490,506,492,505,494,504,489,499,504,523,495,521,499,524,502,521,547,,,572,614,,,,,,,,,,,,,,,,,586,577,591,606,,,,,,,,,,,,,,,,
15,data/dataset/train/subject-2/fall/2_backward_falls\frame015.jpg,0,476,518,459,516,459,516,460,516,460,521,460,523,463,528,465,525,463,540,485,520,483,529,491,536,504,579,,,564,627,,,,,,,,,,,,,,,,,564,596,578,628,,,,,,,,,,,,,,,,
16,data/dataset/train/subject-2/fall/2_backward_falls\frame016.jpg,0,442,570,436,565,437,564,437,563,435,567,435,567,434,567,443,560,440,565,451,569,448,572,488,564,469,579,,,,,,,,,,,,,,,,,,,,,560,609,554,620,,,,,,,,,,,,,,,,
17,data/dataset/train/subject-2/fall/2_backward_falls\frame017.jpg,0,438,564,430,571,430,570,430,570,431,575,431,577,431,580,435,574,436,587,447,563,448,568,495,562,473,599,,,,,,,,,,,,,,,,,,,,,581,604,573,632,,,637,543,,,,,,,,,,,,
18,data/dataset/train/subject-2/fall/2_backward_falls\frame018.jpg,0,442,564,434,571,433,571,434,571,433,573,431,577,431,579,437,576,435,588,451,565,448,569,492,566,467,602,,,,,,,,,,,,,,,,,,,,,590,600,589,630,,,640,532,,,,,,,,,,,,
19,data/dataset/train/subject-2/fall/2_backward_falls\frame019.jpg,0,446,561,436,565,436,566,436,566,436,567,436,569,435,571,437,578,437,583,456,564,455,566,490,571,475,609,,,,,,,,,,,,,,,,,,,,,596,595,598,616,,,657,527,,,,,,,,,,,,
20,data/dataset/train/subject-2/fall/2_backward_falls\frame020.jpg,0,444,558,435,563,435,564,434,565,435,564,434,566,434,568,436,575,436,581,453,563,453,565,485,568,475,614,,,,,,,,,,,,,,,,,,,,,594,584,597,610,,,658,535,,,,,,,,,,,,
21,data/dataset/train/subject-2/fall/2_backward_falls\frame021.jpg,0,442,559,433,565,433,567,432,569,433,564,432,565,432,566,434,581,434,578,450,564,449,564,485,572,474,611,,,,,,,,,,,,,,,,,,,,,596,579,598,605,,,669,535,,,,,,,,,,,,
22,data/dataset/train/subject-2/fall/2_backward_falls\frame022.jpg,0,443,564,434,569,434,571,433,572,434,570,433,572,432,573,435,584,434,586,451,568,450,569,484,575,472,615,,,,,,,,,,,,,,,,,,,,,597,574,598,603,,,670,535,,,,,,,,,,,,
23,data/dataset/train/subject-2/fall/2_backward_falls\frame023.jpg,0,440,568,432,573,432,574,432,575,431,576,430,578,430,580,435,585,433,591,448,570,447,573,482,578,472,616,,,,,,,,,,,,,,,,,,,,,596,570,597,602,,,671,537,,,,,,,,,,,,
24,data/dataset/train/subject-2/fall/2_backward_falls\frame024.jpg,0,437,573,429,579,429,579,430,580,428,581,428,583,428,585,434,589,432,595,446,575,445,578,481,579,472,617,,,,,,,,,,,,,,,,,,,,,596,570,596,602,,,671,536,,,,,,,,,,,,
25,data/dataset/train/subject-2/fall/2_backward_falls\frame025.jpg,0,437,573,429,578,429,578,429,579,428,581,427,583,427,585,434,587,432,595,446,574,444,577,482,579,473,619,,,538,644,,,,,,,,,,,,,,,,,597,569,596,601,,,674,533,,,,,,,,,,,,
26,data/dataset/train/subject-2/fall/2_backward_falls\frame026.jpg,0,438,573,430,577,430,577,430,577,429,580,428,582,428,585,434,587,432,596,447,574,446,578,483,578,475,620,,,540,644,,,,,,,,,,,,,,,,,597,569,597,601,,,675,534,,,701,603,,,,,,,,
27,data/dataset/train/subject-2/fall/2_backward_falls\frame027.jpg,0,440,572,431,576,431,577,431,577,430,579,429,581,429,583,434,588,433,594,448,573,447,577,482,581,474,619,,,540,643,,,,,,,,,,,,,,,,,597,569,597,601,,,683,530,,,702,603,,,,,,,743,610
28,data/dataset/train/subject-2/fall/2_backward_falls\frame028.jpg,0,440,571,431,575,431,575,430,576,429,578,429,580,428,582,434,586,432,594,448,573,447,577,481,582,473,619,,,540,644,,,524,579,,,,,,,,,,,,,598,569,597,600,,,682,524,,,702,603,,,,,,,744,610
29,data/dataset/train/subject-2/fall/2_backward_falls\frame029.jpg,0,439,570,430,574,430,574,430,575,429,577,428,579,428,581,434,585,432,593,448,572,447,576,482,580,474,618,,,540,644,,,524,579,,,,,,,,,,,,,598,569,599,600,,,681,524,,,702,603,,,,,,,745,609
30,data/dataset/train/subject-2/fall/2_backward_falls\frame030.jpg,0,439,570,430,574,430,575,430,575,429,577,428,579,427,581,434,585,432,593,447,572,446,576,482,579,475,618,,,541,643,,,526,579,,,,,,,,,,,,,598,568,599,600,,,680,525,,,702,603,,,,,,,745,609
31,data/dataset/train/subject-2/fall/2_backward_falls\frame031.jpg,0,439,572,430,576,431,576,431,576,429,579,429,582,428,584,435,585,433,596,448,573,447,578,483,577,474,620,,,541,644,,,527,582,,,528,571,,,521,571,,,,,598,567,598,600,,,676,525,,,700,602,,,,,,,744,608
32,data/dataset/train/subject-2/fall/2_backward_falls\frame032.jpg,0,439,572,431,575,431,575,431,575,429,578,429,581,428,583,435,585,433,595,448,573,446,577,483,576,473,620,,,541,644,,,526,583,,,527,573,,,518,573,,,,,598,566,598,600,,,675,526,,,700,602,,,,,,,744,607
33,data/dataset/train/subject-2/fall/2_backward_falls\frame033.jpg,0,439,571,431,575,431,575,431,575,430,578,429,580,428,582,435,584,433,594,448,572,446,576,484,576,473,620,,,541,645,,,526,583,,,528,574,,,520,573,,,,,598,566,597,599,,,673,525,,,700,602,,,,,,,744,607
34,data/dataset/train/subject-2/fall/2_backward_falls\frame034.jpg,0,439,571,430,575,430,575,431,575,429,578,429,580,428,582,435,584,433,594,447,572,446,576,484,575,473,620,,,541,644,,,526,583,,,528,574,,,521,573,,,,,598,566,597,599,,,673,523,,,700,602,,,,,,,744,607
35,data/dataset/train/subject-2/fall/2_backward_falls\frame035.jpg,0,439,570,431,574,431,574,431,575,430,577,429,580,428,582,435,584,433,594,448,571,446,576,484,575,473,620,,,541,644,,,526,583,,,528,573,,,519,573,,,519,576,598,566,597,599,,,673,523,,,699,602,,,,,,,743,607
36,data/dataset/train/subject-2/fall/2_backward_falls\frame036.jpg,0,439,570,431,574,431,574,431,575,429,577,429,580,428,582,435,584,433,594,448,571,446,576,483,575,473,619,,,541,644,,,526,581,,,528,570,,,518,571,,,518,574,598,565,597,597,,,673,523,,,699,602,,,,,,,744,607
37,data/dataset/train/subject-2/fall/2_backward_falls\frame037.jpg,0,439,570,431,574,431,574,431,574,430,577,429,580,428,582,435,584,433,594,448,571,446,576,483,575,473,619,,,541,644,,,526,581,,,528,570,,,519,570,,,519,574,597,565,597,597,,,672,523,,,699,602,,,,,,,744,607
38,data/dataset/train/subject-2/fall/2_backward_falls\frame038.jpg,0,439,570,431,574,431,574,431,574,430,577,429,579,429,582,435,584,433,594,448,571,447,575,483,575,473,619,,,541,644,,,526,581,,,528,570,,,520,570,,,520,573,597,565,597,597,,,672,522,,,699,602,,,,,,,744,607
39,data/dataset/train/subject-2/fall/2_backward_falls\frame039.jpg,0,439,570,431,574,431,574,431,574,430,577,429,579,429,582,435,584,433,594,448,571,447,575,484,575,473,619,,,541,644,,,525,580,,,526,570,,,517,570,,,518,573,598,564,597,597,,,672,521,,,699,601,,,,,,,744,607
40,data/dataset/train/subject-2/fall/2_backward_falls\frame040.jpg,0,440,570,431,573,431,573,431,574,430,577,429,579,429,582,435,583,433,594,448,571,447,575,484,575,473,619,,,541,643,,,525,580,,,527,570,,,518,570,,,518,573,598,564,597,596,,,672,520,,,698,601,,,,,,,744,607
41,data/dataset/train/subject-2/fall/2_backward_falls\frame041.jpg,0,439,570,431,574,431,574,431,574,430,577,429,579,429,582,435,583,433,594,448,571,446,575,484,575,473,619,,,541,643,,,525,580,,,526,570,,,516,570,,,517,573,598,564,598,596,,,672,519,,,698,601,,,,,,,744,607
42,data/dataset/train/subject-2/fall/2_backward_falls\frame042.jpg,0,439,570,431,573,431,574,431,574,430,577,429,579,429,582,435,583,433,594,448,571,447,575,484,575,473,618,,,541,643,,,525,580,,,526,570,,,517,570,,,517,573,598,564,598,595,,,673,518,,,698,601,,,,,,,744,607
43,data/dataset/train/subject-2/fall/2_backward_falls\frame043.jpg,0,439,570,431,573,431,573,431,574,430,577,429,579,428,582,435,583,433,594,448,571,446,575,484,575,473,618,,,540,643,,,525,580,,,526,570,,,516,570,,,516,573,598,564,598,595,,,672,518,,,698,600,,,,,,,744,607
44,data/dataset/train/subject-2/fall/2_backward_falls\frame044.jpg,0,439,570,431,573,431,573,431,574,430,576,429,579,428,581,435,583,433,593,448,571,447,575,484,575,473,618,,,540,642,,,523,580,,,521,570,,,513,570,,,514,573,598,563,598,594,,,671,519,,,698,599,,,694,614,,,744,607
45,data/dataset/train/subject-2/fall/2_backward_falls\frame045.jpg,0,439,570,431,573,431,573,431,574,429,576,429,578,428,581,434,584,433,593,448,571,447,575,484,575,473,618,,,540,642,,,523,579,,,522,570,,,512,570,,,513,572,598,563,598,594,,,671,519,,,698,599,,,694,614,,,744,607
46,data/dataset/train/subject-2/fall/2_backward_falls\frame046.jpg,0,439,570,430,573,431,574,431,574,429,576,429,578,428,581,434,584,432,593,448,571,446,575,483,576,474,618,,,540,642,,,522,578,,,519,570,,,510,570,,,512,572,598,563,598,594,,,671,519,,,698,599,,,694,614,,,744,607
47,data/dataset/train/subject-2/fall/2_backward_falls\frame047.jpg,0,439,569,430,573,430,574,431,574,429,576,429,578,428,581,434,584,432,593,447,571,446,575,483,576,474,617,,,540,641,,,521,578,,,518,570,,,510,569,,,511,572,598,563,598,594,,,671,519,,,698,598,,,694,614,,,744,607
48,data/dataset/train/subject-2/fall/2_backward_falls\frame048.jpg,0,439,569,430,574,430,574,430,574,429,576,429,578,428,581,434,585,432,593,447,571,446,575,483,576,474,617,,,540,641,,,520,578,,,518,570,,,510,568,,,511,572,598,563,599,593,,,671,519,,,698,598,,,694,613,,,744,607
49,data/dataset/train/subject-2/fall/2_backward_falls\frame049.jpg,0,439,569,430,574,430,574,430,574,429,576,429,578,428,580,434,585,432,592,447,571,446,574,484,575,473,616,,,540,641,,,520,577,,,520,569,,,510,567,,,511,571,598,563,598,593,,,670,519,,,698,598,,,694,613,,,744,607
50,data/dataset/train/subject-2/fall/2_backward_falls\frame050.jpg,0,438,569,430,574,430,574,430,575,429,576,428,579,428,581,434,585,432,593,447,571,446,574,484,575,473,616,,,540,641,,,521,578,,,522,569,,,510,567,,,512,571,598,563,598,593,,,669,519,,,698,598,,,694,613,,,744,607
51,data/dataset/train/subject-2/fall/2_backward_falls\frame051.jpg,0,437,569,429,574,430,574,430,575,428,576,428,578,428,581,434,584,432,593,446,571,445,574,484,575,473,616,,,540,641,,,521,577,,,524,568,,,511,565,,,512,571,599,563,598,593,,,668,519,,,698,598,,,694,613,,,744,606
52,data/dataset/train/subject-2/fall/2_backward_falls\frame052.jpg,0,437,569,429,574,430,574,430,575,428,576,428,578,427,581,434,584,432,592,446,571,445,574,484,574,473,616,,,540,641,,,521,577,,,524,568,,,511,564,,,512,571,599,563,598,593,,,667,518,,,698,597,,,694,612,,,744,606
53,data/dataset/train/subject-2/fall/2_backward_falls\frame053.jpg,0,437,569,429,574,430,574,430,575,428,576,428,578,427,580,434,584,432,592,446,571,445,574,484,574,473,616,,,540,640,,,520,577,,,523,568,,,510,564,,,512,571,599,564,598,593,,,668,516,,,698,597,,,694,612,,,744,606
54,data/dataset/train/subject-2/fall/2_forward_falls\frame001.jpg,0,,,,,,,,,,,,,,,,,,,,,,,,,,,,,,,,,,,,,,,,,,,,,,,,,,,,,,,,,,,,,,,,,,
55,data/dataset/train/subject-2/fall/2_forward_falls\frame002.jpg,0,,,,,,,,,,,,,,,,,,,,,,,,,,,,,,,,,,,,,,,,,,,,,,,,,,,,,,,,,,,,,,,,,,
56,data/dataset/train/subject-2/fall/2_forward_falls\frame003.jpg,0,502,192,497,183,496,183,495,183,500,185,499,186,498,186,481,187,485,189,496,202,496,203,449,223,464,249,,,441,330,,,453,403,,,453,422,,,460,420,,,,,417,340,425,360,,,450,435,,,418,522,,,406,538,,,446,538
57,data/dataset/train/subject-2/fall/2_forward_falls\frame004.jpg,0,536,204,532,192,531,192,529,194,534,194,532,193,531,193,512,195,517,195,527,212,527,213,468,228,494,255,,,470,334,,,489,407,,,491,425,,,497,421,,,,,434,359,449,375,,,451,453,,,419,521,,,403,536,,,445,538
58,data/dataset/train/subject-2/fall/2_forward_falls\frame005.jpg,0,567,211,562,199,560,198,559,198,563,201,563,202,562,202,545,201,550,206,560,220,562,222,498,236,531,262,,,512,337,,,532,411,,,536,426,,,,,,,,,466,366,472,381,,,480,457,,,423,521,,,405,531,,,451,535
59,data/dataset/train/subject-2/fall/2_forward_falls\frame006.jpg,0,599,236,593,224,591,224,590,223,599,225,599,226,599,226,577,223,584,229,589,244,593,246,524,252,572,271,,,560,345,,,580,415,,,,,,,,,,,,,489,368,493,382,,,524,457,,,445,511,,,423,515,,,453,535
60,data/dataset/train/subject-2/fall/2_forward_falls\frame007.jpg,0,632,275,632,263,630,262,628,260,636,267,637,269,637,270,617,261,628,272,624,282,629,286,555,280,615,320,,,614,397,,,636,445,,,,,,,,,,,,,502,398,534,424,,,575,457,,,505,502,,,,,,,518,535
61,data/dataset/train/subject-2/fall/2_forward_falls\frame008.jpg,0,661,327,662,316,660,309,658,307,666,319,667,319,668,319,650,302,661,315,653,328,656,331,587,307,645,348,,,659,418,,,686,464,,,,,,,,,,,,,514,417,542,441,,,,,,,547,505,,,,,,,568,533
62,data/dataset/train/subject-2/fall/2_forward_falls\frame009.jpg,0,687,353,687,341,685,338,683,336,690,345,691,346,692,347,671,333,687,349,679,355,683,359,618,338,672,392,,,702,457,,,747,504,,,,,,,,,,,,,537,445,575,474,,,,,,,,,,,,,,,,
63,data/dataset/train/subject-2/fall/2_forward_falls\frame010.jpg,0,700,385,698,377,696,375,694,372,704,382,706,383,707,385,688,371,708,387,694,386,699,392,652,376,706,426,,,732,480,,,772,527,,,,,,,,,,,,,563,468,600,502,,,,,,,,,,,,,,,,
64,data/dataset/train/subject-2/fall/2_forward_falls\frame011.jpg,0,754,391,754,385,752,384,750,383,760,391,761,393,763,396,745,385,763,402,748,393,752,399,708,394,752,448,,,748,511,,,774,532,,,,,,,,,,,,,607,476,638,510,,,,,,,,,,,,,,,,
65,data/dataset/train/subject-2/fall/2_forward_falls\frame012.jpg,0,785,401,784,395,782,394,780,393,789,401,791,403,792,405,773,394,793,412,780,403,786,410,730,407,789,457,,,771,521,,,,,,,,,,,,,,,,,642,490,670,530,,,,,,,,,,,,,,,,
66,data/dataset/train/subject-2/fall/2_forward_falls\frame013.jpg,0,814,416,813,411,812,409,810,407,818,416,820,418,822,420,804,409,820,427,808,418,814,424,764,416,822,481,,,802,543,,,,,,,,,,,,,,,,,681,513,708,554,,,,,,,,,,,,,,,,
67,data/dataset/train/subject-2/fall/2_forward_falls\frame014.jpg,0,824,430,828,425,826,424,825,422,832,428,834,429,835,431,823,425,842,437,820,434,825,438,792,439,848,500,,,,,,,,,,,,,,,,,,,,,717,537,735,569,,,,,,,,,,,,,,,,
68,data/dataset/train/subject-2/fall/2_forward_falls\frame015.jpg,0,859,455,862,449,860,447,859,446,867,452,869,453,871,454,859,447,875,460,854,459,859,463,826,456,879,515,,,,,,,,,,,,,,,,,,,,,748,535,762,571,,,,,,,,,,,,,,,,
69,data/dataset/train/subject-2/fall/2_forward_falls\frame016.jpg,0,892,479,897,475,896,474,896,473,901,479,904,480,906,482,896,476,907,488,886,482,890,486,856,478,900,537,,,,,,,,,,,,,,,,,,,,,772,542,777,581,,,,,,,,,,,,,,,,
70,data/dataset/train/subject-2/fall/2_forward_falls\frame017.jpg,0,919,501,928,500,928,499,929,499,930,504,931,506,932,508,930,504,933,516,915,505,915,509,896,488,913,554,,,,,,,,,,,,,,,,,,,,,800,549,793,590,,,,,,,,,,,,,,,,
71,data/dataset/train/subject-2/fall/2_forward_falls\frame018.jpg,0,949,524,958,526,959,526,960,525,956,529,956,531,956,533,960,530,955,540,945,526,942,529,937,524,914,561,,,,,,,,,,,,,,,,,,,,,818,564,800,591,,,,,,,,,,,,,,,,
72,data/dataset/train/subject-2/fall/2_forward_falls\frame019.jpg,0,950,531,960,535,962,535,963,536,957,536,957,538,956,539,964,541,956,547,947,534,944,536,950,540,909,575,,,,,,,,,,,,,,,,,,,,,822,565,796,592,,,,,,,,,,,,,,,,
73,data/dataset/train/subject-2/fall/2_forward_falls\frame020.jpg,0,952,534,962,538,964,539,966,540,959,538,958,539,958,539,968,548,957,547,950,537,946,537,955,555,911,570,,,,,,,,,,,,,,,,,,,,,827,571,794,591,,,,,,,,,,,,,,,,
74,data/dataset/train/subject-2/fall/2_forward_falls\frame021.jpg,0,957,543,966,549,968,549,970,551,963,548,962,549,962,550,973,558,962,557,954,545,951,545,962,564,922,577,,,,,,,,,,,,,,,,,,,,,826,579,796,589,,,,,,,,,,,728,552,,,,
75,data/dataset/train/subject-2/fall/2_forward_falls\frame022.jpg,0,967,560,976,567,977,568,978,568,974,568,974,569,974,571,978,574,973,578,963,562,961,563,956,573,918,593,,,,,,,,,,,,,,,,,,,,,818,583,795,592,,,,,,,,,,,718,558,,,,
76,data/dataset/train/subject-2/fall/2_forward_falls\frame023.jpg,0,972,569,981,576,982,577,983,578,979,576,979,577,979,577,982,583,976,583,969,571,966,570,958,587,924,584,,,,,,,,,,,,,,,,,,,,,813,586,792,588,,,,,,,,,,,,,,,,
77,data/dataset/train/subject-2/fall/2_forward_falls\frame024.jpg,0,966,572,975,579,977,580,978,580,973,579,973,579,973,580,979,587,972,587,963,573,961,573,957,594,923,593,,,,,,,,,,,,,,,,,,,,,814,583,787,590,,,,,,,,,,,703,553,,,,
78,data/dataset/train/subject-2/fall/2_forward_falls\frame025.jpg,0,966,573,975,579,977,579,978,580,974,579,974,580,974,581,979,588,973,590,963,575,961,576,957,597,921,600,,,,,,,,,,,,,,,,,,,,,813,581,786,592,,,,,,,,,718,544,692,552,682,509,,
79,data/dataset/train/subject-2/fall/2_forward_falls\frame026.jpg,0,966,571,976,577,977,578,978,579,974,577,974,579,974,580,978,587,973,588,962,574,960,574,955,597,921,601,,,,,,,,,,,,,,,,,,,,,809,579,785,592,,,,,,,,,707,542,687,554,671,511,,
80,data/dataset/train/subject-2/fall/2_forward_falls\frame027.jpg,0,962,566,972,572,973,573,975,574,970,572,970,574,970,575,977,583,970,584,958,569,956,569,954,593,923,597,,,,,,,,,,,,,,,,,,,,,809,580,786,591,,,,,705,523,,,699,541,685,553,664,512,,
81,data/dataset/train/subject-2/fall/2_forward_falls\frame028.jpg,0,963,566,974,573,975,574,976,575,973,574,973,575,973,576,977,584,972,586,959,569,957,570,951,590,923,594,,,,,,,,,,,,,,,,,,,,,809,578,787,593,,,,,703,523,,,698,541,685,553,658,512,,
82,data/dataset/train/subject-2/fall/2_forward_falls\frame029.jpg,0,962,566,973,573,974,574,975,575,972,573,972,575,972,576,977,583,972,585,958,569,957,569,952,588,926,598,,,,,,,,,,,,,,,,,,,,,808,577,789,593,,,,,694,524,,,683,541,683,553,655,512,,
83,data/dataset/train/subject-2/fall/2_forward_falls\frame030.jpg,0,960,566,971,573,972,574,973,575,970,573,970,575,970,576,976,583,970,586,957,569,955,569,952,587,924,594,,,,,,,,,,,,,,,,,,,,,807,576,788,593,771,492,,,686,524,,,677,541,681,554,650,511,654,519
84,data/dataset/train/subject-2/fall/2_forward_falls\frame031.jpg,0,960,565,971,572,972,573,973,574,969,573,969,574,970,576,976,583,970,586,956,568,954,569,951,584,923,593,,,,,,,,,,,,,,,,,,,,,805,575,789,593,765,492,,,678,524,,,672,540,680,554,644,510,653,519
85,data/dataset/train/subject-2/fall/2_forward_falls\frame032.jpg,0,961,566,971,572,972,573,973,573,970,573,970,574,970,575,975,582,970,585,957,568,956,569,950,583,923,593,,,,,,,,,,,,,,,,,,,,,805,575,789,593,763,492,,,674,524,,,667,540,,,641,508,653,519
86,data/dataset/train/subject-2/fall/2_forward_falls\frame033.jpg,0,961,566,971,572,972,573,973,574,970,573,970,574,970,576,974,582,969,585,957,569,955,570,949,584,921,593,,,,,,,,,,,,,,,,,,,,,806,575,789,594,762,491,,,675,524,,,667,540,,,642,506,652,518
87,data/dataset/train/subject-2/fall/2_forward_falls\frame034.jpg,0,960,565,971,571,972,572,974,573,969,572,969,573,969,574,975,581,969,584,957,568,955,568,951,586,921,592,,,,,,,,,,,,,,,,,,,,,807,577,789,594,763,492,,,675,524,,,667,540,,,641,505,651,517
88,data/dataset/train/subject-2/fall/2_forward_falls\frame035.jpg,0,959,564,970,570,971,571,972,572,968,571,968,572,968,573,974,581,968,583,955,567,953,568,950,586,920,592,,,,,,,,,,,,,,,,,,,,,807,577,789,593,763,491,,,675,524,,,667,540,,,641,504,650,517
89,data/dataset/train/subject-2/fall/2_forward_falls\frame036.jpg,0,959,564,970,570,971,571,972,572,968,570,969,572,969,573,974,581,968,583,955,567,953,568,950,588,920,592,,,,,,,,,,,,,,,,,,,,,807,578,790,593,763,491,,,675,525,,,666,541,,,641,505,650,516
90,data/dataset/train/subject-2/fall/2_forward_falls\frame037.jpg,0,961,567,971,573,972,574,973,575,970,573,971,575,971,576,974,585,969,586,956,570,955,571,950,591,920,592,,,,,,,,,,,,,,,,,,,,,807,578,790,593,763,490,,,674,525,,,666,541,,,641,504,650,516
91,data/dataset/train/subject-2/fall/2_forward_falls\frame038.jpg,0,961,569,971,575,972,576,973,577,970,575,971,576,971,578,974,587,969,587,956,572,955,572,949,596,920,593,,,,,,,,,,,,,,,,,,,,,807,578,789,593,762,490,,,674,525,,,666,540,,,641,504,650,516
92,data/dataset/train/subject-2/fall/2_forward_falls\frame039.jpg,0,961,570,971,575,972,577,973,578,970,576,970,577,970,578,974,588,969,589,956,573,954,574,949,598,919,595,,,,,,,,,,,,,,,,,,,,,806,578,789,593,759,489,,,673,525,,,666,540,,,639,505,647,516
93,data/dataset/train/subject-2/fall/2_forward_falls\frame040.jpg,0,960,571,971,576,972,578,973,579,970,577,970,578,970,579,974,591,969,591,955,575,954,576,944,604,919,596,,,,,,,,,,,,,,,,,,,,,802,579,788,591,756,488,,,673,525,,,666,540,,,638,507,647,516
94,data/dataset/train/subject-2/fall/2_forward_falls\frame041.jpg,0,960,571,970,577,971,578,972,579,970,577,970,578,970,579,973,592,969,591,955,576,954,576,943,608,917,596,,,,,,,,,,,,,,,,,,,,,800,581,785,590,751,486,,,673,525,,,666,540,,,635,507,643,516
95,data/dataset/train/subject-2/fall/2_forward_falls\frame042.jpg,0,960,572,970,578,971,579,972,581,970,578,970,579,970,581,973,593,969,592,955,577,954,577,942,610,917,601,,,,,,,,,,,,,,,,,,,,,797,580,783,590,743,483,,,670,524,,,664,540,,,633,507,,
96,data/dataset/train/subject-2/fall/2_forward_falls\frame043.jpg,0,961,575,971,581,972,582,973,583,971,581,971,582,971,583,974,595,970,596,955,580,954,579,941,613,919,604,,,,,,,,,,,,,,,,,,,,,794,580,781,590,738,482,,,666,523,,,661,539,,,631,506,,
97,data/dataset/train/subject-2/fall/2_left_falls\frame001.jpg,0,,,,,,,,,,,,,,,,,,,,,,,,,,,,,,,,,,,,,,,,,,,,,,,,,,,,,,,,,,,,,,,,,,
98,data/dataset/train/subject-2/fall/2_left_falls\frame002.jpg,0,549,153,545,140,545,140,545,139,541,141,538,140,536,140,530,141,518,144,546,163,540,164,523,193,477,209,,,,,,,,,,,,,,,,,,,,,505,316,485,324,501,399,,,472,454,,,456,460,,,494,474,,
99,data/dataset/train/subject-2/fall/2_left_falls\frame003.jpg,0,566,164,564,152,563,152,563,151,560,152,558,151,555,150,549,151,540,151,563,173,558,173,541,198,494,211,,,,,,,,,,,,,,,,,,,,,525,325,501,333,,,,,472,455,,,455,461,,,494,477,553,502
100,data/dataset/train/subject-2/fall/2_left_falls\frame004.jpg,0,586,180,585,168,585,167,585,166,582,168,580,167,577,166,570,163,560,163,581,187,577,187,566,205,513,216,,,,,,,,,,,,,,,,,,,,,551,329,520,339,,,,,479,455,,,460,454,,,496,483,596,509
101,data/dataset/train/subject-2/fall/2_left_falls\frame005.jpg,0,602,198,599,187,598,186,598,186,597,186,595,186,593,185,586,185,580,184,597,205,594,205,577,226,542,236,,,,,,,,,,,,,,,,,,,,,565,345,538,358,,,,,496,450,,,481,440,,,500,480,612,515
102,data/dataset/train/subject-2/fall/2_left_falls\frame006.jpg,0,632,226,628,215,627,214,627,213,624,215,621,215,618,214,612,213,600,216,627,234,621,235,606,253,555,271,,,,,,,,,,,,,,,,,,,,,581,367,553,382,,,,,524,446,,,509,435,,,508,476,605,524
103,data/dataset/train/subject-2/fall/2_left_falls\frame007.jpg,0,648,268,646,256,646,255,645,255,642,257,640,257,637,257,632,254,620,257,643,275,638,276,625,284,573,304,,,,,,,,,,,,,,,,,,,,,595,385,562,402,,,,,,,,,,,,,,,576,492
104,data/dataset/train/subject-2/fall/2_left_falls\frame008.jpg,0,662,309,661,300,661,298,661,297,658,302,656,301,654,301,647,292,637,300,658,314,654,316,637,315,591,344,,,,,,,,,,,,,,,,,,,,,602,407,571,421,,,,,,,,,,,,,,,,
105,data/dataset/train/subject-2/fall/2_left_falls\frame009.jpg,0,678,345,678,334,677,333,677,332,674,336,671,335,669,335,662,327,652,334,673,350,668,352,652,350,604,377,,,,,,,,,,,,,,,,,,,,,614,422,586,443,,,,,,,,,,,,,,,,
106,data/dataset/train/subject-2/fall/2_left_falls\frame010.jpg,0,693,376,692,367,691,366,691,364,688,368,686,367,684,367,678,359,669,364,688,380,684,381,668,379,622,398,,,,,,,,,,,,,,,,,,,,,628,449,599,464,,,,,,,,,,,,,,,,
107,data/dataset/train/subject-2/fall/2_left_falls\frame011.jpg,0,694,415,697,406,698,405,699,402,692,408,690,407,687,406,695,391,675,397,692,416,686,417,692,401,629,411,,,,,,,,,,,,,,,,,,,,,645,455,604,464,,,,,,,,,,,,,,,,
108,data/dataset/train/subject-2/fall/2_left_falls\frame012.jpg,0,709,427,714,423,716,423,717,422,710,423,708,421,706,420,716,410,699,409,708,424,702,423,715,396,660,398,,,,,,,,,,,,,,,,,,,,,656,457,620,461,,,,,,,,,,,,,,,,
109,data/dataset/train/subject-2/fall/2_left_falls\frame013.jpg,0,746,427,751,420,751,420,752,419,748,420,748,417,747,415,751,408,741,403,742,425,740,423,739,410,696,387,,,,,,,,,,,,,,,,,,,,,674,475,645,457,,,,,,,,,,,,,,,,
110,data/dataset/train/subject-2/fall/2_left_falls\frame014.jpg,0,773,427,780,421,780,420,780,420,778,420,778,419,777,418,774,408,768,405,766,427,765,425,749,404,716,390,,,,,,,,,,,,,,,,,,,,,670,461,653,450,,,,,,,,,,,,,,,,
111,data/dataset/train/subject-2/fall/2_left_falls\frame015.jpg,0,795,421,800,415,800,415,800,414,800,415,799,414,798,412,794,404,791,401,788,420,787,419,764,415,739,385,,,,,,,,,,,,,,,,,,,,,687,463,666,442,,,,,,,,,,,,,,,,
112,data/dataset/train/subject-2/fall/2_left_falls\frame016.jpg,0,801,425,807,420,808,419,808,418,807,419,807,418,807,416,804,409,801,405,794,424,794,423,771,420,758,382,,,,,,,,,,,,,,,,,,,,,691,452,677,424,,,,,,,,,,,,,,,542,483
113,data/dataset/train/subject-2/fall/2_left_falls\frame017.jpg,0,811,425,817,420,817,420,817,420,817,418,817,416,817,414,812,412,811,403,802,423,802,420,775,427,773,380,,,,,,,,,,,,,,,,,,,,,698,451,690,417,,,,,,,576,453,,,,,,,540,479
114,data/dataset/train/subject-2/fall/2_left_falls\frame018.jpg,0,806,432,813,428,813,428,813,428,813,426,814,424,814,422,811,418,812,411,799,429,800,426,777,428,773,382,,,,,,,,,,,,,,,,,,,,,696,449,692,412,,,,,,,582,437,,,,,,,547,463
115,data/dataset/train/subject-2/fall/2_left_falls\frame019.jpg,0,806,429,812,430,812,430,812,431,814,425,815,423,815,421,810,426,813,412,800,428,802,423,777,437,775,379,,,,,,,721,395,,,,,,,,,,,,,695,451,694,412,,,,,,,595,421,,,,,,,552,439
116,data/dataset/train/subject-2/fall/2_left_falls\frame020.jpg,0,803,424,808,425,808,427,808,428,811,420,811,418,812,415,806,424,809,410,798,423,800,417,777,433,773,381,,,,,,,729,399,,,727,410,,,732,412,,,,,690,450,690,412,,,698,434,,,,,,,,,,,570,430
117,data/dataset/train/subject-2/fall/2_left_falls\frame021.jpg,0,798,416,804,415,803,416,803,417,806,412,806,411,807,409,800,414,803,405,794,417,796,411,774,432,768,381,,,,,,,727,400,,,724,412,,,,,,,,,686,448,683,410,,,705,434,,,,,,,,,,,578,430
118,data/dataset/train/subject-2/fall/2_left_falls\frame022.jpg,0,796,413,802,412,802,414,802,415,803,408,803,407,804,405,801,417,801,405,791,414,792,408,772,434,761,382,,,,,,,,,,,,,,,,,,,,,684,449,682,411,,,705,434,,,623,420,,,,,,,586,437
119,data/dataset/train/subject-2/fall/2_left_falls\frame023.jpg,0,795,416,800,413,800,414,800,416,801,408,801,407,801,406,798,417,799,406,788,413,788,408,772,432,756,383,,,,,,,,,,,,,,,,,,,,,683,449,677,412,,,702,437,,,627,421,,,,,,,590,444
120,data/dataset/train/subject-2/fall/2_left_falls\frame024.jpg,0,790,415,797,411,797,412,796,413,797,407,798,407,798,406,795,414,796,407,784,413,784,411,767,426,753,387,,,,,,,,,,,,,,,,,,,,,682,447,674,410,,,698,430,,,628,427,,,,,,,591,458
121,data/dataset/train/subject-2/fall/2_left_falls\frame025.jpg,0,788,406,796,410,796,411,796,412,796,407,796,406,797,405,794,413,794,406,783,410,783,405,771,427,752,386,,,,,,,,,,,,,,,,,,,,,682,446,673,406,,,699,432,,,625,431,,,,,,,595,459
122,data/dataset/train/subject-2/fall/2_left_falls\frame026.jpg,0,787,400,795,408,795,410,795,411,795,405,796,405,796,404,794,413,793,406,782,405,781,401,771,426,751,388,,,,,,,,,,,,,,,,,,,,,682,445,673,408,,,697,427,,,622,434,,,,,,,594,460
123,data/dataset/train/subject-2/fall/2_left_falls\frame027.jpg,0,787,394,794,401,795,403,795,405,795,399,795,400,795,401,793,412,793,405,781,399,781,396,771,426,751,388,,,,,,,,,,,,,,,,,,,,,681,444,673,405,696,490,695,425,,,622,440,,,611,435,,,593,463
124,data/dataset/train/subject-2/fall/2_left_falls\frame028.jpg,0,786,392,794,398,794,400,794,402,794,397,795,397,795,398,793,411,793,404,781,396,780,394,772,425,750,388,,,,,795,453,,,,,,,,,,,,,,,681,442,671,406,694,489,696,429,,,620,446,,,609,442,,,590,470
125,data/dataset/train/subject-2/fall/2_left_falls\frame029.jpg,0,786,393,794,398,794,400,794,402,794,397,794,398,794,398,793,411,793,404,780,397,780,394,772,425,751,389,,,,,795,453,,,806,458,,,809,457,,,,,,,680,440,670,406,691,489,695,434,,,619,448,,,608,444,,,579,469
126,data/dataset/train/subject-2/fall/2_left_falls\frame030.jpg,0,786,394,787,399,788,401,788,402,794,397,794,398,795,399,793,410,793,405,780,397,780,395,771,423,750,390,,,,,795,454,,,807,459,,,,,,,,,,,680,435,671,405,687,490,697,445,,,618,450,,,608,444,,,580,473
127,data/dataset/train/subject-2/fall/2_left_falls\frame031.jpg,0,788,394,794,399,795,401,795,403,797,397,797,397,798,398,794,411,795,405,781,398,782,394,771,429,751,388,,,,,797,455,,,809,460,,,,,,,,,,,680,436,673,401,687,490,700,447,,,618,449,,,607,443,568,490,583,471
128,data/dataset/train/subject-2/fall/2_left_falls\frame032.jpg,0,790,394,798,400,798,402,798,405,799,397,800,398,800,398,796,412,797,404,783,399,784,395,771,432,752,385,,,,,798,458,,,,,,,,,,,,,,,680,437,675,400,687,490,702,450,,,618,449,,,607,443,568,489,585,470
129,data/dataset/train/subject-2/fall/2_left_falls\frame033.jpg,0,792,398,800,405,800,408,800,410,800,400,800,399,800,398,797,414,798,402,786,404,786,397,771,433,756,381,,,,,797,460,,,809,464,,,,,,,,,,,680,437,677,400,686,492,705,453,,,621,450,,,608,442,566,489,590,470
130,data/dataset/train/subject-2/fall/2_left_falls\frame034.jpg,0,794,406,801,411,801,413,800,415,801,404,802,403,802,401,797,417,799,402,788,411,789,402,771,434,759,379,,,,,799,461,,,810,464,,,,,,,,,,,682,436,679,400,687,494,707,456,,,621,452,,,608,442,565,490,589,471
131,data/dataset/train/subject-2/fall/2_left_falls\frame035.jpg,0,795,409,801,412,801,415,801,417,802,407,803,405,803,403,798,417,800,402,790,413,791,404,771,433,763,377,,,,,798,461,,,810,464,,,813,461,,,,,,,683,436,681,399,690,494,708,458,,,621,452,,,608,441,566,491,590,471
132,data/dataset/train/subject-2/fall/2_left_falls\frame036.jpg,0,794,420,800,421,800,423,800,424,801,415,802,412,802,410,798,421,800,405,789,422,790,414,770,432,766,378,,,,,798,462,,,811,465,,,813,462,,,,,,,683,433,681,399,,,707,464,604,483,621,455,,,608,442,562,493,584,478
133,data/dataset/train/subject-2/fall/2_left_falls\frame037.jpg,0,794,427,800,427,800,428,800,429,801,421,802,419,802,416,798,423,801,408,789,427,790,420,770,432,768,378,,,,,799,463,,,811,465,,,814,462,,,,,,,683,433,681,399,,,706,468,601,485,619,458,,,608,446,559,497,579,483
134,data/dataset/train/subject-2/fall/2_left_falls\frame038.jpg,0,793,429,799,429,799,430,799,431,801,424,801,422,802,419,798,424,801,410,788,429,789,423,770,432,770,379,,,,,799,464,,,812,466,,,,,,,,,,,683,433,681,399,,,706,470,602,486,619,460,,,608,447,559,501,578,484
135,data/dataset/train/subject-2/fall/2_left_falls\frame039.jpg,0,795,434,801,433,801,434,801,434,803,429,803,427,804,424,801,426,804,414,790,432,791,427,770,433,772,379,,,,,801,465,,,813,466,,,,,,,,,,,683,433,681,400,,,705,469,600,488,617,460,,,607,450,558,504,579,482
136,data/dataset/train/subject-2/fall/2_left_falls\frame040.jpg,0,795,434,801,434,801,435,801,436,802,430,803,427,804,425,800,428,804,416,790,432,791,427,770,434,773,381,,,,,802,465,,,814,466,,,,,,,,,,,683,433,681,400,,,705,470,598,488,616,459,,,606,449,557,507,580,480
137,data/dataset/train/subject-2/fall/2_left_falls\frame041.jpg,0,796,433,802,433,802,434,802,434,803,429,804,427,805,424,801,427,804,415,792,432,793,427,770,435,774,382,,,,,802,466,,,814,466,,,,,,,,,,,683,433,681,400,,,705,469,597,488,614,459,,,604,449,555,508,580,481
138,data/dataset/train/subject-2/fall/2_left_falls\frame042.jpg,0,797,431,802,431,802,432,802,432,804,426,805,424,805,422,800,426,804,414,792,430,794,425,770,435,774,382,,,,,803,466,,,815,466,,,,,,,,,,,683,433,681,400,,,704,470,597,488,613,460,,,602,450,556,508,578,483
139,data/dataset/train/subject-2/fall/2_left_falls\frame043.jpg,0,798,430,803,430,803,431,802,432,805,426,805,423,806,421,800,426,804,414,793,430,795,425,770,436,773,382,,,,,804,466,,,815,467,,,,,,,,,,,682,433,681,399,,,704,470,597,488,613,460,,,602,450,555,508,578,483
140,data/dataset/train/subject-2/fall/2_left_falls\frame044.jpg,0,798,429,803,429,803,430,803,431,805,425,806,422,806,420,800,426,804,413,793,429,795,424,770,436,772,382,,,,,803,467,,,815,467,,,,,,,,,,,682,433,681,399,,,703,471,595,488,613,460,,,602,449,555,506,576,482
141,data/dataset/train/subject-2/fall/2_left_falls\frame045.jpg,0,799,427,804,427,804,429,803,430,806,423,806,420,807,418,801,426,804,412,794,428,796,421,770,436,771,382,,,,,803,467,,,815,467,,,816,464,,,,,,,681,433,681,399,,,703,471,594,488,613,460,583,476,602,449,556,506,577,482
142,data/dataset/train/subject-2/fall/2_left_falls\frame046.jpg,0,799,427,804,427,803,428,803,429,806,423,806,420,807,418,801,426,804,411,794,428,795,421,769,436,771,382,,,,,803,467,,,814,467,,,816,464,,,,,,,681,433,681,399,,,703,471,594,489,612,460,582,476,602,449,555,506,577,482
143,data/dataset/train/subject-2/fall/2_left_falls\frame047.jpg,0,799,427,804,427,803,427,803,429,805,422,806,420,806,418,800,424,804,411,793,427,795,421,768,435,771,382,,,,,802,467,,,814,467,,,815,464,,,,,,,680,431,681,399,,,702,471,592,489,613,460,583,479,602,449,555,506,578,482
144,data/dataset/train/subject-2/fall/2_left_falls\frame048.jpg,0,799,424,804,424,803,425,803,427,805,419,806,417,806,415,800,423,803,409,793,425,795,419,768,434,771,382,,,,,802,467,,,813,467,,,815,465,,,,,,,680,431,680,399,,,702,471,591,489,613,460,583,479,602,449,555,506,578,481
145,data/dataset/train/subject-2/fall/2_left_falls\frame049.jpg,0,799,423,804,423,803,424,803,426,805,418,806,416,806,414,800,422,803,408,793,425,795,418,767,434,770,382,,,,,802,467,,,813,467,,,,,,,,,,,679,431,680,399,,,702,471,592,489,613,460,583,480,602,449,555,506,578,481
146,data/dataset/train/subject-2/fall/2_right_falls\frame001.jpg,0,,,,,,,,,,,,,,,,,,,,,,,,,,,,,,,,,,,,,,,,,,,,,,,,,,,,,,,,,,,,,,,,,,
147,data/dataset/train/subject-2/fall/2_right_falls\frame002.jpg,0,523,148,517,138,516,138,516,138,516,139,515,140,513,140,503,141,501,145,518,157,517,157,485,184,485,203,,,,,,,,,,,,,,,,,,,,,481,305,474,313,,,487,391,491,448,430,459,,,414,464,527,459,447,484
148,data/dataset/train/subject-2/fall/2_right_falls\frame003.jpg,0,532,148,525,138,524,138,524,138,524,140,522,141,520,141,514,142,506,148,530,157,527,158,505,185,490,208,,,483,280,,,519,340,,,,,,,,,,,,,493,305,477,313,,,508,395,,,457,459,,,440,465,528,459,479,483
149,data/dataset/train/subject-2/fall/2_right_falls\frame004.jpg,0,559,148,553,139,552,139,551,138,551,141,550,143,548,145,539,145,534,155,558,157,556,158,520,183,512,221,,,501,293,,,536,349,,,,,,,,,,,,,504,303,498,320,,,527,396,,,491,460,,,478,469,529,453,520,478
150,data/dataset/train/subject-2/fall/2_right_falls\frame005.jpg,0,581,182,576,172,575,171,575,170,575,175,574,176,572,177,562,173,560,182,577,188,575,191,530,198,539,235,,,528,302,,,555,357,,,,,,,,,,,,,506,312,510,328,,,545,400,,,515,462,,,502,471,529,453,543,479
151,data/dataset/train/subject-2/fall/2_right_falls\frame006.jpg,0,607,198,601,190,599,189,598,187,602,192,601,193,600,194,589,196,587,199,601,207,601,209,553,216,567,251,,,553,323,,,579,371,,,,,,,,,,,,,522,326,529,343,,,567,403,,,540,462,,,532,475,,,573,479
152,data/dataset/train/subject-2/fall/2_right_falls\frame007.jpg,0,626,249,623,236,621,235,619,234,624,240,623,242,622,242,606,235,609,245,618,256,619,258,565,247,580,295,,,578,368,,,615,416,,,,,,,,,,,,,530,347,534,379,,,582,416,,,542,462,,,530,472,,,568,479
153,data/dataset/train/subject-2/fall/2_right_falls\frame008.jpg,0,648,288,643,276,645,277,644,275,645,280,644,281,643,282,629,273,629,284,638,294,639,298,584,284,600,335,,,611,411,,,652,456,,,,,,,,,,,,,527,386,542,415,,,610,412,,,555,463,,,541,471,,,574,479
154,data/dataset/train/subject-2/fall/2_right_falls\frame009.jpg,0,654,328,649,316,648,315,646,313,652,320,652,321,652,322,637,311,641,325,646,335,648,339,592,326,619,381,,,636,443,,,679,491,,,,,,,,,,,,,525,423,548,446,,,,,,,,,,,,,,,,
155,data/dataset/train/subject-2/fall/2_right_falls\frame010.jpg,0,670,370,669,361,667,359,669,356,671,365,671,366,671,368,653,354,663,370,659,373,662,377,609,358,631,413,,,656,472,,,708,524,,,,,,,,,,,,,532,436,552,470,,,,,,,,,,,,,,,,
156,data/dataset/train/subject-2/fall/2_right_falls\frame011.jpg,0,677,383,675,375,673,374,671,372,680,382,680,384,681,385,661,375,675,393,666,386,672,393,618,382,651,447,,,667,519,,,722,538,,,,,,,,,,,,,536,455,561,502,,,,,,,,,,,,,,,,
157,data/dataset/train/subject-2/fall/2_right_falls\frame012.jpg,0,691,408,691,400,690,398,688,396,695,406,696,408,696,410,681,399,692,417,684,409,688,417,636,402,668,476,,,674,549,,,729,543,,,745,546,,,,,,,,,546,470,574,519,,,,,,,,,,,,,,,,
158,data/dataset/train/subject-2/fall/2_right_falls\frame013.jpg,0,719,437,718,429,717,426,715,424,721,436,721,439,722,442,705,427,716,451,711,440,714,449,662,428,691,510,,,689,574,,,728,544,,,,,,,,,,,,,566,492,590,539,,,,,,,,,,,,,,,,
159,data/dataset/train/subject-2/fall/2_right_falls\frame014.jpg,0,736,471,739,465,737,463,736,461,743,472,744,475,745,477,729,462,741,483,728,471,733,480,686,456,719,537,,,689,572,,,,,,,,,,,,,,,,,576,517,593,555,,,,,,,,,,,,,,,,
160,data/dataset/train/subject-2/fall/2_right_falls\frame015.jpg,0,766,503,766,498,765,495,763,492,771,506,772,509,773,511,757,492,768,517,757,500,763,511,707,479,741,566,,,,,,,,,,,,,,,,,,,,,595,520,607,565,,,,,,,,,,,,,,,,
161,data/dataset/train/subject-2/fall/2_right_falls\frame016.jpg,0,789,549,793,546,791,543,790,541,794,553,794,556,795,559,782,540,789,565,780,545,781,554,724,516,752,599,,,,,,,,,,,,,,,,,,,,,612,536,619,581,,,,,,,,,,,,,,,,
162,data/dataset/train/subject-2/fall/2_right_falls\frame017.jpg,0,791,574,798,575,796,573,795,572,801,580,801,584,802,586,789,576,798,595,780,574,783,579,743,561,766,629,,,,,,,,,,,,,,,,,,,,,624,562,633,591,,,,,,,,,,,,,,,,
163,data/dataset/train/subject-2/fall/2_right_falls\frame018.jpg,0,810,598,815,606,814,606,813,607,816,607,816,608,815,609,804,615,807,620,799,599,800,601,747,596,759,630,,,,,,,,,,,,,,,,,,,,,624,567,635,587,,,,,,,,,,,,,,,,
164,data/dataset/train/subject-2/fall/2_right_falls\frame019.jpg,0,807,597,812,607,811,608,810,609,813,608,813,610,813,612,800,620,806,621,796,600,797,601,747,608,769,629,,,,,,,,,,,,,,,,,,,,,625,568,640,578,,,,,,,,,,,,,,,,
165,data/dataset/train/subject-2/fall/2_right_falls\frame020.jpg,0,804,602,809,610,809,612,808,613,810,611,811,613,811,615,799,625,804,626,793,604,794,605,747,619,762,632,,,,,,,,,,,,,,,,,,,,,626,572,635,580,,,,,,,,,,,,,,,,
166,data/dataset/train/subject-2/fall/2_right_falls\frame021.jpg,0,809,613,814,625,813,626,812,627,815,625,815,626,815,627,799,637,806,636,797,613,798,613,739,625,765,636,,,,,,,,,,,,,,,,,,,,,623,581,641,583,,,,,,,,,,,,,,,,
167,data/dataset/train/subject-2/fall/2_right_falls\frame022.jpg,0,804,624,807,635,806,636,805,638,810,636,810,638,810,639,792,648,801,651,792,624,795,625,735,630,763,657,,,,,,,,,,,,,,,,,,,,,620,584,648,595,,,,,,,,,,,,,,,,
168,data/dataset/train/subject-2/fall/2_right_falls\frame023.jpg,0,790,647,796,644,796,642,796,642,797,653,798,656,798,658,793,648,796,663,784,637,783,648,765,621,758,682,,,,,,,,,,,,,,,,,,,,,625,575,636,595,,,,,,,,,,,,,,,,
169,data/dataset/train/subject-2/fall/2_right_falls\frame024.jpg,0,783,634,790,640,790,642,790,643,791,642,792,644,792,646,787,657,790,658,776,636,776,637,740,659,759,672,,,,,,,,,,,,,,,,,,,,,619,579,640,586,,,,,,,,,,,,,,,,
170,data/dataset/train/subject-2/fall/2_right_falls\frame025.jpg,0,780,634,787,642,786,644,786,645,788,642,788,645,789,646,781,661,786,661,771,637,772,638,733,669,760,669,,,,,,,,,,,,,,,,,,,,,616,579,644,586,,,,,,,,,,,,,,,,
171,data/dataset/train/subject-2/fall/2_right_falls\frame026.jpg,0,779,636,785,645,785,646,785,648,787,645,787,647,787,649,778,664,783,664,770,638,771,639,718,675,753,670,,,,,,,,,,,,,,,,,,,,,614,575,641,583,,,,,,,,,,,,,,,,
172,data/dataset/train/subject-2/fall/2_right_falls\frame027.jpg,0,778,639,784,648,783,650,783,651,785,648,786,650,786,652,776,668,782,668,769,641,770,642,708,676,751,675,,,,,,,,,,,,,,,,,,,,,613,576,642,583,,,,,,,,,,,,,,,,
173,data/dataset/train/subject-2/fall/2_right_falls\frame028.jpg,0,780,642,786,653,785,654,784,656,788,653,788,655,788,657,776,672,781,672,769,643,771,643,707,676,750,663,,,,,,,,,,,,,,,,,,,,,613,571,640,580,,,,,,,,,,,,,,,,
174,data/dataset/train/subject-2/fall/2_right_falls\frame029.jpg,0,779,643,785,654,784,656,783,658,787,653,787,654,787,656,775,676,780,672,769,644,770,643,704,681,750,658,,,,,,,,,,,,,,,,,,,,,612,571,641,579,,,,,,,,,,,,,,,,
175,data/dataset/train/subject-2/fall/2_right_falls\frame030.jpg,0,779,645,785,655,784,657,783,659,786,654,786,655,786,657,775,676,780,674,769,646,770,645,704,683,746,661,,,,,,,,,,,,,,,,,,,,,611,570,640,578,,,,,,,,,,,,,,,,
176,data/dataset/train/subject-2/fall/2_right_falls\frame031.jpg,0,778,645,784,655,783,657,783,659,786,654,786,655,786,656,774,675,780,672,767,647,769,646,703,688,746,660,,,,,,,,,,,,,,,,,,,,,607,573,639,577,,,,,,,,,,,,,,,,
177,data/dataset/train/subject-2/fall/2_right_falls\frame032.jpg,0,774,645,781,655,781,657,780,659,783,653,783,654,784,655,772,675,778,669,762,648,765,646,702,688,746,658,,,,,,,,,,,,,,,,,,,,,604,576,638,577,,,,,,,,,,,,,,,,
178,data/dataset/train/subject-2/fall/2_right_falls\frame033.jpg,0,770,646,778,655,778,657,777,660,780,653,781,654,781,655,772,676,778,668,759,649,762,647,702,693,745,658,,,,,,,,,,,,,,,,,,,,,602,578,638,577,,,,,,,,,,,,,,,,
179,data/dataset/train/subject-2/fall/2_right_falls\frame034.jpg,0,768,648,776,657,776,659,775,662,778,655,778,656,779,657,771,678,777,670,758,651,760,649,702,695,745,657,,,,,,,,,,,,,,,,,,,,,601,579,637,577,,,,,,,,,,,,,,,,
180,data/dataset/train/subject-2/fall/2_right_falls\frame035.jpg,0,765,649,774,658,773,661,773,663,775,656,776,656,776,657,769,680,775,670,755,653,758,649,703,695,745,657,,,,,,,,,,,,,,,,,,,,,599,580,635,576,,,,,,,,,,,,,,,,
181,data/dataset/train/subject-2/fall/2_right_falls\frame036.jpg,0,764,648,773,657,773,659,772,662,774,655,775,656,776,656,768,679,774,671,755,651,757,648,702,694,744,657,,,,,,,,,,,,,,,,,,,,,599,580,635,576,,,,,,,,,,,,,,,,
182,data/dataset/train/subject-2/fall/2_right_falls\frame037.jpg,0,762,649,771,658,771,661,770,664,773,656,774,657,774,657,766,680,773,671,753,653,755,649,701,694,744,657,,,,,,,,,,,,,,,,,,,,,598,579,634,576,,,,,,,,,,,,,,,,
183,data/dataset/train/subject-2/fall/2_right_falls\frame038.jpg,0,759,649,767,658,767,661,766,663,770,655,771,656,772,656,764,679,772,670,750,652,753,649,700,696,744,657,,,,,,,,,,,,,,,,,,,,,598,580,634,576,665,481,,,,,,,,,,,,,,
184,data/dataset/train/subject-2/fall/2_right_falls\frame039.jpg,0,758,649,766,658,766,661,765,663,768,655,770,656,771,656,763,680,772,670,749,653,752,649,699,695,743,657,,,,,,,,,,,,,,,,,,,,,597,579,634,576,665,481,,,,,,,,,,,,,,
185,data/dataset/train/subject-2/fall/2_right_falls\frame040.jpg,0,758,648,766,657,766,660,765,663,769,654,770,655,771,656,763,679,771,669,749,652,752,648,699,696,743,657,,,,,,,,,,,,,,,,,,,,,598,580,634,576,666,482,,,,,,,,,,,,,,
186,data/dataset/train/subject-2/fall/2_right_falls\frame041.jpg,0,758,648,767,657,766,660,766,663,769,654,770,655,771,655,763,680,771,670,749,652,752,648,699,696,743,657,,,,,,,,,,,,,,,,,,,,,598,580,632,576,669,487,,,,,,,,,,,,,,
187,data/dataset/train/subject-2/fall/2_right_falls\frame042.jpg,0,758,648,767,658,766,661,766,664,769,655,770,655,771,656,763,681,771,671,749,653,752,648,699,696,743,655,608,691,,,,,,,,,,,,,,,,,,,598,580,631,575,676,494,,,,,,,,,,,,,,
188,data/dataset/train/subject-2/fall/2_right_falls\frame043.jpg,0,758,649,766,658,765,661,765,664,768,655,769,655,770,656,762,681,771,671,748,654,751,649,699,695,743,654,608,691,,,,,,,,,,,,,,,,,,,598,580,631,575,681,500,,,,,,,,,,,,,,
189,data/dataset/train/subject-2/fall/2_right_falls\frame044.jpg,0,758,649,766,658,766,661,765,664,768,655,769,656,770,656,763,681,771,671,748,654,752,649,699,695,743,654,608,690,,,,,,,,,,,,,,,,,,,600,580,631,575,685,504,,,,,,,,,,,,,,
190,data/dataset/train/subject-2/fall/2_right_falls\frame045.jpg,0,757,649,766,658,766,661,765,664,768,655,769,656,770,656,763,681,771,671,748,654,751,649,699,695,743,654,608,690,,,,,,,,,,,,,,,,,,,601,579,631,575,689,509,,,,,,,,,,,,,,
191,data/dataset/train/subject-2/fall/2_right_falls\frame046.jpg,0,758,649,767,658,766,661,766,664,768,655,769,655,770,656,763,681,771,671,748,653,751,649,699,695,742,654,608,689,,,,,,,,,,,,,,,,,,,603,579,631,574,694,514,,,,,,,,,,,,,,
192,data/dataset/train/subject-2/fall/2_right_falls\frame047.jpg,0,758,649,768,658,768,661,767,664,769,655,770,656,771,656,765,681,771,672,749,653,752,649,700,695,740,654,608,689,,,,,,,,,,,,,,,,,,,604,579,630,574,696,513,,,,,,,,,,,,,,
193,data/dataset/train/subject-2/fall/2_sitting_falls\frame001.jpg,0,,,,,,,,,,,,,,,,,,,,,,,,,,,,,,,,,,,,,,,,,,,,,,,,,,,,,,,,,,,,,,,,,,
194,data/dataset/train/subject-2/fall/2_sitting_falls\frame002.jpg,0,612,241,619,232,623,231,627,230,606,229,602,227,598,225,634,220,593,214,618,242,606,240,657,243,560,229,655,289,,,,,,,,,,,,,,,,,,,618,320,571,310,594,395,,,,,,,,,,,,,,
195,data/dataset/train/subject-2/fall/2_sitting_falls\frame003.jpg,0,618,241,628,232,632,231,637,230,613,229,608,227,604,225,645,218,601,213,625,242,611,243,666,242,572,228,659,292,,,,,,,,,,,,,,,,,,,622,322,577,311,595,396,,,,,,,,,,,,,,
196,data/dataset/train/subject-2/fall/2_sitting_falls\frame004.jpg,0,638,241,645,230,650,229,655,227,632,229,627,227,623,225,660,214,620,213,643,242,628,242,679,244,587,229,668,297,,,,,,,,,,,,,,,,,,,630,326,584,312,610,399,,,,,,,,,,,,,,
197,data/dataset/train/subject-2/fall/2_sitting_falls\frame005.jpg,0,659,231,667,219,670,218,674,216,658,218,654,216,649,215,676,208,643,205,662,235,651,234,694,244,604,229,691,296,,,,,,,,,,,,,,,,,,,642,333,597,315,636,421,,,,,,,,,,,,,,
198,data/dataset/train/subject-2/fall/2_sitting_falls\frame006.jpg,0,691,225,695,211,697,211,698,210,688,210,682,209,674,209,695,209,666,207,692,232,675,229,715,251,623,233,716,308,,,,,,,,,,,,,,,,,,,668,339,617,322,669,436,,,,,,,,,,,,,,
199,data/dataset/train/subject-2/fall/2_sitting_falls\frame007.jpg,0,699,238,708,228,712,229,715,229,696,224,692,223,687,221,719,228,681,220,703,245,687,244,735,269,642,247,740,324,,,,,,,,,,,,,,,,,,,690,355,637,341,710,451,,,,,,,,,,,,,,
200,data/dataset/train/subject-2/fall/2_sitting_falls\frame008.jpg,0,736,264,740,255,742,255,745,254,732,253,728,252,726,250,744,253,710,245,735,271,725,270,754,290,666,271,764,337,,,,,,,,,,,,,,,,,,,705,390,656,372,730,467,,,,,,,,,,,,,,
201,data/dataset/train/subject-2/fall/2_sitting_falls\frame009.jpg,0,793,289,789,281,789,281,788,280,785,280,782,279,779,278,777,280,760,277,788,296,784,294,781,317,700,302,793,367,,,,,,,,,,,,,,,,,,,718,414,673,395,743,479,,,,,,,,,,,,,,
202,data/dataset/train/subject-2/fall/2_sitting_falls\frame010.jpg,0,826,334,825,324,825,322,825,320,819,325,815,324,811,324,811,315,794,320,822,339,816,340,806,338,745,349,822,394,,,,,,,,,,,,,,,,,,,738,414,701,414,739,469,,,,,,,,,,,,,,
203,data/dataset/train/subject-2/fall/2_sitting_falls\frame011.jpg,0,859,359,860,350,859,349,859,347,857,350,855,349,852,348,845,342,837,344,854,364,850,364,835,367,783,374,840,424,,,,,,,,,,,,,,,,,,,763,436,731,438,748,430,,,,,,,,,,,,,,
204,data/dataset/train/subject-2/fall/2_sitting_falls\frame012.jpg,0,890,376,890,367,890,366,890,365,887,367,885,366,883,366,875,360,866,363,882,381,879,381,849,378,816,390,851,424,,,,,,,,,,,,,,,,,,,777,428,749,432,,,,,,,,,,,,,,,,
205,data/dataset/train/subject-2/fall/2_sitting_falls\frame013.jpg,0,914,396,919,389,919,389,919,388,918,388,917,386,916,384,911,374,907,374,904,397,902,395,876,372,844,381,,,,,,,,,,,,,,,,,,,,,786,420,765,407,,,,,,,,,,,,,,,,
206,data/dataset/train/subject-2/fall/2_sitting_falls\frame014.jpg,0,928,402,935,395,936,394,937,393,933,394,933,392,932,390,932,379,925,378,920,402,919,400,896,371,866,378,,,,,,,,,,,,,,,,,,,,,796,416,780,398,,,710,442,,,,,,,,,,,,
207,data/dataset/train/subject-2/fall/2_sitting_falls\frame015.jpg,0,934,406,941,399,942,398,942,396,941,398,940,397,940,396,940,384,936,384,926,402,925,401,906,374,890,379,,,,,,,,,,,,,,,,,,,,,812,412,799,397,,,731,421,,,,,,,,,,,,
208,data/dataset/train/subject-2/fall/2_sitting_falls\frame016.jpg,0,932,413,941,410,941,409,941,409,941,408,942,406,942,404,938,399,939,393,926,410,926,408,904,396,904,372,,,,,,,,,,,,,,,,,,,,,803,415,801,383,,,776,387,,,,,,,,,,,,
209,data/dataset/train/subject-2/fall/2_sitting_falls\frame017.jpg,0,935,410,943,408,943,408,943,408,944,405,944,402,945,400,941,400,942,388,928,408,929,404,908,415,905,364,,,,,,,,,,,,,,,,,,,,,802,422,797,380,,,805,372,,,,,,,,,,,,
210,data/dataset/train/subject-2/fall/2_sitting_falls\frame018.jpg,0,927,404,936,402,935,402,935,403,937,400,938,398,939,396,934,397,937,386,922,403,923,400,899,411,905,359,,,,,,,,,,,,,,,,,,,,,806,418,799,374,,,809,361,,,,,,,,,,,,
211,data/dataset/train/subject-2/fall/2_sitting_falls\frame019.jpg,0,928,404,933,400,933,401,934,402,933,396,934,395,934,393,934,398,933,386,921,405,922,400,910,421,906,366,,,,,,,,,,,,,,,,,,,,,814,423,811,376,869,462,853,354,,,,,,,,,,,,
212,data/dataset/train/subject-2/fall/2_sitting_falls\frame020.jpg,0,910,397,916,394,917,395,918,395,913,390,912,389,912,387,920,392,910,379,903,397,902,393,912,401,883,370,,,,,,,,,,,,,,,,,,,,,817,423,801,383,,,833,375,,,,,,,,,,,,
213,data/dataset/train/subject-2/fall/2_sitting_falls\frame021.jpg,0,911,394,918,391,919,391,920,392,916,388,915,386,914,384,921,387,916,376,906,394,904,390,906,399,885,365,,,,,,,,,,,,,,,,,,,,,808,419,799,381,,,853,369,,,,,,,,,,,,
214,data/dataset/train/subject-2/fall/2_sitting_falls\frame022.jpg,0,908,390,913,388,913,388,913,388,912,386,912,384,912,382,913,384,910,373,902,392,901,385,888,395,884,364,,,,,,,,,,,,,,,,,,,,,802,404,802,381,,,886,394,,,,,,,,,,,,
215,data/dataset/train/subject-2/fall/2_sitting_falls\frame023.jpg,0,906,387,915,388,915,387,915,386,915,382,915,380,915,378,913,384,912,371,904,389,904,382,888,402,886,359,,,,,,,,,,,,,,,,,,,,,800,408,805,380,,,899,401,,,,,,,,,,,,
216,data/dataset/train/subject-2/fall/2_sitting_falls\frame024.jpg,0,921,385,926,386,925,386,925,387,926,381,925,379,925,378,920,387,919,371,916,388,915,382,889,407,885,359,,,,,,,,,,,,,,,,,,,,,800,411,809,379,,,905,406,,,,,,,,,,,,
217,data/dataset/train/subject-2/fall/2_sitting_falls\frame025.jpg,0,920,384,924,385,924,386,924,386,924,380,923,379,922,377,919,387,916,372,912,388,912,382,888,411,881,358,,,,,,,,,,,,,,,,,,,,,801,415,807,379,,,899,413,,,,,,,,,,,,
218,data/dataset/train/subject-2/fall/2_sitting_falls\frame026.jpg,0,916,384,921,386,922,387,921,388,921,381,920,379,920,377,917,389,915,373,910,389,910,382,886,412,878,358,,,,,,,,,,,,,,,,,,,,,800,417,804,381,,,892,415,,,,,,,,,,,852,520
219,data/dataset/train/subject-2/fall/2_sitting_falls\frame027.jpg,0,914,384,920,388,920,390,920,391,919,382,918,380,918,378,916,391,913,374,908,391,908,384,881,412,877,358,,,,,,,,,,,,,,,,,,,,,799,418,803,381,,,892,417,,,,,,,,,,,851,525
220,data/dataset/train/subject-2/fall/2_sitting_falls\frame028.jpg,0,913,387,918,389,919,391,919,392,918,384,918,382,918,380,916,391,913,375,907,392,906,386,877,411,877,358,,,,,,,,,,,,,,,,,,,,,798,417,804,381,,,890,420,,,,,,,,,,,849,528
221,data/dataset/train/subject-2/fall/2_sitting_falls\frame029.jpg,0,915,386,919,389,919,390,919,392,919,384,920,381,920,379,915,390,916,375,908,392,909,386,878,409,881,357,,,,,,,,,,,,,,,,,,,,,797,417,803,382,,,887,424,,,,,,,,,,,847,530
222,data/dataset/train/subject-2/fall/2_sitting_falls\frame030.jpg,0,914,389,918,389,918,390,918,391,918,384,919,382,919,380,914,389,915,374,907,393,908,385,878,408,880,357,,,,,,,,,,,,,,,,,,,,,796,415,804,382,,,885,428,,,,,,,,,,,844,531
223,data/dataset/train/subject-2/fall/2_sitting_falls\frame031.jpg,0,913,389,917,388,917,390,917,391,917,384,919,382,919,380,912,389,914,374,905,392,907,385,877,408,877,357,,,,,,,,,,,,,,,,,,,,,796,415,803,382,,,884,428,,,,,,,,,,,843,532
224,data/dataset/train/subject-2/fall/2_sitting_falls\frame032.jpg,0,908,384,914,386,914,388,914,389,915,382,914,380,914,378,908,389,909,374,900,389,902,382,872,407,876,356,,,,,,,,,,,,,,,,,,,,,796,413,804,381,,,884,430,,,830,493,,,,,,,843,532
225,data/dataset/train/subject-2/fall/2_sitting_falls\frame033.jpg,0,907,385,913,386,913,388,913,389,914,383,914,381,913,379,907,389,908,375,899,389,900,382,873,407,875,355,,,,,,,,,,,,,,,,,,,,,794,411,804,381,,,883,430,,,830,493,,,,,,,843,532
226,data/dataset/train/subject-2/fall/2_sitting_falls\frame034.jpg,0,908,385,914,386,913,388,914,389,915,383,914,381,914,379,908,388,909,375,901,390,900,382,873,407,875,355,,,,,,,870,353,,,,,,,,,,,,,794,410,804,380,,,883,428,,,830,492,,,,,,,844,531
227,data/dataset/train/subject-2/fall/2_sitting_falls\frame035.jpg,0,907,384,913,386,912,388,912,389,914,383,914,380,913,378,907,387,908,374,900,389,900,382,873,407,875,355,,,,,,,870,354,,,,,,,,,,,,,794,410,804,379,,,884,428,,,830,492,,,,,,,843,532
228,data/dataset/train/subject-2/fall/2_sitting_falls\frame036.jpg,0,907,384,912,386,912,388,912,389,913,383,914,380,912,378,907,387,908,374,899,388,899,381,873,407,876,354,,,,,,,869,352,,,,,,,,,,,,,794,409,804,379,,,885,428,,,831,492,,,811,498,,,843,531
229,data/dataset/train/subject-2/fall/2_sitting_falls\frame037.jpg,0,906,382,912,386,911,388,912,388,912,383,913,380,912,378,906,387,906,373,899,388,899,380,872,406,875,354,,,,,,,873,351,,,,,,,,,,,,,794,409,805,379,,,885,428,,,832,491,,,811,498,,,844,529
230,data/dataset/train/subject-2/fall/2_sitting_falls\frame038.jpg,0,903,383,907,387,907,388,907,388,910,383,910,381,908,378,905,387,903,374,895,388,896,380,869,406,875,354,,,,,,,873,351,,,879,356,,,,,,,,,792,407,805,379,,,884,428,,,831,491,,,811,498,,,843,530
231,data/dataset/train/subject-2/fall/2_sitting_falls\frame039.jpg,0,903,383,908,387,908,388,908,388,910,383,911,381,910,378,905,387,906,374,896,388,897,382,870,405,875,355,,,,,,,873,351,,,880,354,,,,,,,,,792,407,805,379,,,884,428,,,831,491,,,811,498,,,843,529
232,data/dataset/train/subject-2/fall/2_sitting_falls\frame040.jpg,0,904,382,910,386,910,387,908,388,911,381,911,380,911,377,906,386,907,374,897,386,897,380,871,405,875,355,,,,,,,866,354,,,875,358,,,,,,,,,792,407,804,378,,,884,427,,,830,491,,,810,499,,,843,530
233,data/dataset/train/subject-2/fall/2_sitting_falls\frame041.jpg,0,908,381,913,384,913,385,912,386,913,379,913,378,914,375,909,385,911,373,899,386,899,380,874,405,875,355,,,,,,,862,355,,,870,360,,,,,,,,,792,408,802,377,,,883,426,,,830,491,,,810,498,,,843,529
234,data/dataset/train/subject-2/fall/2_sitting_falls\frame042.jpg,0,908,381,913,384,913,385,913,386,913,379,913,378,914,376,909,385,911,373,900,386,900,381,874,405,874,355,,,,,,,861,357,,,869,364,,,874,365,,,,,792,408,802,377,,,883,425,,,830,491,,,810,498,,,843,529
235,data/dataset/train/subject-2/fall/2_sitting_falls\frame043.jpg,0,906,382,912,384,912,385,912,387,912,381,912,379,913,377,908,385,910,374,900,387,900,382,873,405,874,355,,,,,,,862,358,,,870,364,,,,,,,,,792,407,802,377,,,883,425,,,830,491,,,810,498,,,843,529
236,data/dataset/train/subject-2/fall/2_sitting_falls\frame044.jpg,0,905,384,909,386,909,387,909,388,910,382,910,381,911,379,906,386,908,375,898,389,899,384,871,405,873,355,,,,,,,860,358,,,869,364,,,873,365,,,,,792,407,802,377,,,883,425,,,830,491,,,810,498,,,843,529
237,data/dataset/train/subject-2/fall/2_sitting_falls\frame045.jpg,0,905,384,909,386,909,387,909,388,910,382,910,380,911,379,905,387,907,375,898,389,899,384,870,404,872,355,,,,,,,861,358,,,869,362,,,874,365,,,,,792,408,801,377,,,882,423,,,830,490,,,810,497,,,843,528
238,data/dataset/train/subject-2/fall/2_sitting_falls\frame046.jpg,0,905,380,909,384,909,386,908,387,910,381,910,378,911,376,905,386,907,373,898,385,898,378,870,404,871,354,,,,,,,861,358,,,870,360,,,876,363,,,,,792,408,800,377,,,882,423,,,830,490,,,810,497,,,843,527
239,data/dataset/train/subject-2/fall/2_sitting_falls\frame047.jpg,0,904,380,908,384,908,386,908,387,910,380,910,378,910,376,904,386,906,373,897,385,897,378,868,403,871,354,,,,,,,861,358,,,870,361,,,876,365,,,,,792,407,800,377,,,880,423,,,830,490,,,810,497,,,843,527
240,data/dataset/train/subject-2/fall/2_sitting_falls\frame048.jpg,0,902,380,907,384,907,386,907,387,907,380,908,378,908,376,902,386,905,373,894,385,895,378,867,402,870,354,,,816,333,,,861,358,,,870,361,,,875,365,,,,,792,407,800,376,,,880,423,,,830,490,,,810,497,,,843,527
241,data/dataset/train/subject-2/fall/2_sitting_falls\frame049.jpg,0,903,380,908,384,908,386,908,387,908,380,908,378,909,376,903,386,905,373,897,385,896,378,868,403,870,354,,,,,,,861,358,,,868,360,,,875,364,,,,,792,407,800,376,,,879,423,,,830,490,,,809,497,,,843,523
242,data/dataset/train/subject-2/fall/2_sitting_falls\frame050.jpg,0,903,380,908,384,908,385,908,387,908,380,909,378,909,376,904,386,905,373,897,385,896,379,867,402,870,354,,,,,,,859,357,,,867,360,,,875,364,,,,,791,407,800,376,,,877,424,,,829,490,,,809,497,,,843,521
243,data/dataset/train/subject-2/fall/2_sitting_falls\frame051.jpg,0,902,380,907,384,907,386,907,387,908,380,909,378,909,376,903,386,905,373,896,386,895,378,866,402,869,354,,,,,,,859,357,,,868,361,,,874,364,,,,,791,407,800,376,,,877,424,,,829,490,,,809,497,,,842,523
244,data/dataset/train/subject-2/fall/2_sitting_falls\frame052.jpg,0,902,379,907,384,907,385,907,387,908,379,909,378,909,375,903,386,905,373,895,384,895,376,867,403,869,353,,,815,333,,,859,357,,,868,362,,,873,364,,,,,791,407,799,376,,,877,424,,,829,490,,,809,497,,,842,524
245,data/dataset/train/subject-2/fall/2_sitting_falls\frame053.jpg,0,903,378,908,383,908,385,908,386,908,379,909,377,909,374,904,385,906,372,896,384,897,377,868,403,869,353,,,816,333,,,862,352,,,870,357,,,877,360,,,,,791,407,799,376,,,877,423,,,829,490,,,809,497,,,842,524
246,data/dataset/train/subject-2/fall/2_sitting_falls\frame054.jpg,0,903,378,906,382,906,385,906,386,907,377,909,377,909,374,902,385,906,372,895,383,896,376,867,402,869,353,,,,,,,862,353,,,871,356,,,879,359,,,,,791,407,800,375,,,878,423,,,829,490,,,809,497,,,842,524
247,data/dataset/train/subject-2/fall/2_sitting_falls\frame055.jpg,0,903,378,907,382,907,385,907,386,907,377,909,377,909,374,903,385,907,372,896,383,896,377,868,404,869,353,,,,,,,858,353,,,866,357,,,875,360,,,,,791,407,800,375,,,877,422,,,829,489,,,809,497,,,842,524
248,data/dataset/train/subject-2/fall/2_sitting_falls\frame056.jpg,0,904,378,908,382,908,384,908,386,909,377,910,376,910,373,904,385,907,372,898,383,898,377,870,403,869,353,,,,,,,858,353,,,867,356,,,875,360,,,,,791,407,800,375,,,877,419,,,829,489,,,809,497,,,842,524
249,data/dataset/train/subject-2/fall/2_sitting_falls\frame057.jpg,0,902,378,906,382,906,384,906,386,908,377,909,376,909,373,904,384,906,372,895,383,896,378,869,403,869,352,,,,,,,858,353,,,867,357,,,875,360,,,,,790,407,799,375,,,877,418,,,829,488,,,809,496,,,841,525
250,data/dataset/train/subject-2/fall/2_sitting_falls\frame058.jpg,0,902,378,906,382,906,384,906,385,908,377,908,376,909,374,904,383,906,372,895,383,896,377,869,401,870,353,,,,,,,859,351,,,867,354,,,874,359,,,,,790,407,799,375,,,877,418,,,829,488,,,809,495,,,841,525
251,data/dataset/train/subject-2/fall/2_sitting_falls\frame059.jpg,0,902,378,906,382,906,383,906,384,908,377,909,376,909,374,904,383,907,372,895,383,896,377,868,400,871,353,,,,,,,860,349,,,867,353,,,874,357,,,,,790,406,800,375,,,877,418,,,829,488,,,809,495,,,841,525
252,data/dataset/train/subject-2/fall/2_sitting_falls\frame060.jpg,0,903,378,907,381,907,383,907,384,908,377,910,375,910,374,904,383,907,371,896,383,897,377,868,400,870,353,,,,,,,858,350,,,866,353,,,874,358,,,,,790,406,799,375,,,877,417,,,829,488,,,809,495,,,841,524
253,data/dataset/train/subject-2/fall/2_sitting_falls\frame061.jpg,0,903,375,908,379,908,381,908,382,909,374,911,372,911,371,904,382,908,368,898,380,898,375,869,400,870,353,,,,,,,857,350,,,864,353,,,870,357,,,,,790,406,799,375,,,877,417,,,828,487,,,809,495,,,841,524
254,data/dataset/train/subject-2/fall/2_sitting_falls\frame062.jpg,0,904,375,908,379,908,381,909,382,910,374,911,373,912,371,905,382,908,368,899,380,899,375,870,400,869,353,,,,,,,855,350,,,862,353,,,869,356,,,,,790,407,799,375,,,877,417,,,828,487,,,808,495,,,841,524
255,data/dataset/train/subject-2/fall/2_sitting_falls\frame063.jpg,0,904,375,909,379,909,381,909,382,911,374,912,372,912,370,905,382,908,368,899,380,899,375,872,401,868,352,,,,,,,855,351,,,863,354,,,869,356,,,,,791,408,798,375,,,875,415,,,828,486,,,808,494,,,841,523
256,data/dataset/train/subject-2/fall/2_sitting_falls\frame064.jpg,0,905,373,911,377,911,380,910,381,911,372,912,371,912,369,906,381,908,367,900,379,899,374,874,401,867,352,,,,,,,855,351,,,865,354,,,870,356,,,,,791,408,798,375,,,875,414,,,828,486,,,808,494,,,842,523
257,data/dataset/train/subject-2/fall/2_sitting_falls\frame065.jpg,0,904,374,909,377,910,380,909,381,909,372,909,371,910,370,905,382,904,367,898,379,896,374,873,403,866,352,,,,,,,855,351,,,865,356,,,870,357,,,,,791,408,796,374,,,876,414,,,828,486,,,808,494,,,842,523
258,data/dataset/train/subject-2/fall/2_sitting_falls\frame066.jpg,0,904,374,910,376,910,379,909,381,910,371,910,370,910,369,905,382,905,366,898,378,896,372,874,402,865,352,,,,,,,856,351,,,866,356,,,870,356,,,,,791,408,796,374,,,876,414,,,828,486,,,808,494,,,842,524
259,data/dataset/train/subject-2/fall/2_sitting_falls\frame067.jpg,0,904,374,910,376,910,379,909,381,910,371,910,369,910,368,905,382,905,366,898,377,896,372,875,403,864,352,,,811,334,,,856,351,,,866,357,,,870,356,,,,,792,408,796,374,,,875,414,,,827,486,,,808,494,,,842,524
260,data/dataset/train/subject-2/fall/2_sitting_falls\frame068.jpg,0,905,374,910,376,911,379,910,381,910,371,910,370,910,368,906,382,905,366,898,378,897,372,876,403,864,352,,,811,334,,,855,353,,,865,360,,,870,358,,,,,791,408,795,374,,,874,414,,,827,487,,,808,494,,,841,526
261,data/dataset/train/subject-2/fall/2_sitting_falls\frame069.jpg,0,905,374,910,377,911,379,910,382,910,371,910,370,910,369,906,382,905,366,898,378,897,372,876,403,865,351,,,811,334,,,855,353,,,864,360,,,870,359,,,,,791,407,796,373,,,875,415,,,826,487,,,807,494,,,841,525
262,data/dataset/train/subject-2/fall/2_sitting_falls\frame070.jpg,0,905,374,910,378,911,380,910,383,910,373,910,371,910,369,905,382,905,367,899,379,897,373,875,403,865,351,,,811,334,,,855,353,,,864,360,,,870,359,,,,,791,407,796,373,,,875,416,,,826,487,,,807,494,,,841,524
263,data/dataset/train/subject-2/fall/2_sitting_falls\frame071.jpg,0,906,374,911,378,911,380,910,383,910,373,910,371,910,369,906,382,905,366,899,379,898,373,876,403,865,351,,,811,334,,,855,353,,,864,360,,,870,359,,,,,791,407,796,373,,,875,417,,,826,487,,,806,494,,,841,524
264,data/dataset/train/subject-2/fall/2_standing_falls\frame001.jpg,0,,,,,,,,,,,,,,,,,,,,,,,,,,,,,,,,,,,,,,,,,,,,,,,,,,,,,,,,,,,,,,,,,,
265,data/dataset/train/subject-2/fall/2_standing_falls\frame002.jpg,0,584,177,587,169,589,168,591,167,578,168,575,167,571,165,589,157,561,156,585,179,575,178,617,187,520,195,,,517,275,,,523,352,,,523,374,,,533,374,,,536,367,608,316,555,325,,,580,429,,,597,501,,,600,507,,,597,529
266,data/dataset/train/subject-2/fall/2_standing_falls\frame003.jpg,0,578,178,581,169,584,168,586,167,573,168,570,167,566,165,584,157,556,156,579,179,568,179,612,187,514,196,,,512,276,,,521,352,,,519,375,,,529,374,,,532,368,607,317,552,327,,,577,429,,,595,500,,,598,506,,,597,531
267,data/dataset/train/subject-2/fall/2_standing_falls\frame004.jpg,0,569,178,573,169,575,168,577,167,563,168,560,166,556,164,574,158,546,156,571,179,560,179,602,187,504,198,,,504,279,,,515,356,,,512,379,,,524,377,,,526,371,603,319,549,330,,,576,431,,,595,500,,,,,,,597,531
268,data/dataset/train/subject-2/fall/2_standing_falls\frame005.jpg,0,557,184,560,174,562,173,564,171,551,174,547,172,543,171,561,161,532,162,559,185,548,186,591,188,492,203,,,496,286,,,508,362,,,507,385,,,518,383,,,521,377,592,321,540,333,,,572,432,,,594,499,,,,,,,597,531
269,data/dataset/train/subject-2/fall/2_standing_falls\frame006.jpg,0,548,192,549,182,551,181,552,179,541,182,537,181,534,180,547,169,523,171,549,191,539,192,578,191,480,210,,,484,292,,,499,369,,,499,391,,,509,389,,,511,382,579,321,531,334,,,570,432,,,594,500,,,,,,,597,531
270,data/dataset/train/subject-2/fall/2_standing_falls\frame007.jpg,0,529,193,528,183,529,182,531,180,522,184,519,184,516,183,525,173,507,178,529,195,521,197,564,199,466,228,,,475,307,,,487,380,,,491,403,,,498,401,,,499,393,564,330,524,344,,,570,432,,,597,504,,,,,,,608,526
271,data/dataset/train/subject-2/fall/2_standing_falls\frame008.jpg,0,515,220,515,210,517,208,518,206,509,211,506,211,503,210,513,197,493,201,519,222,508,224,555,220,452,253,,,459,325,,,466,396,,,466,425,,,475,421,,,476,410,557,345,513,361,,,562,443,,,590,504,,,,,,,608,525
272,data/dataset/train/subject-2/fall/2_standing_falls\frame009.jpg,0,494,262,497,251,501,249,504,246,487,250,483,250,479,250,504,236,471,246,499,267,488,269,545,257,441,285,,,437,367,,,434,443,,,432,470,,,442,468,,,445,460,556,367,503,382,,,546,458,,,565,497,,,,,,,580,529
273,data/dataset/train/subject-2/fall/2_standing_falls\frame010.jpg,0,479,337,482,325,485,323,488,320,471,330,467,330,463,329,491,308,456,318,485,336,475,340,536,309,435,340,,,418,424,,,397,507,,,386,532,,,394,532,,,400,525,547,391,497,406,,,537,467,,,,,,,,,,,,
274,data/dataset/train/subject-2/fall/2_standing_falls\frame011.jpg,0,455,395,459,384,463,382,467,380,448,384,444,383,441,382,476,367,440,371,464,397,454,400,519,371,429,395,,,405,474,,,366,553,,,352,571,,,353,574,,,360,569,537,428,485,446,,,,,,,,,,,,,,,,
275,data/dataset/train/subject-2/fall/2_standing_falls\frame012.jpg,0,444,439,445,431,448,429,452,426,436,432,433,431,430,430,457,414,426,421,452,441,444,442,502,409,419,441,,,391,518,,,355,591,,,344,603,,,346,604,,,351,602,525,443,473,462,,,,,,,,,,,,,,,,
276,data/dataset/train/subject-2/fall/2_standing_falls\frame013.jpg,0,420,470,420,460,423,458,426,456,411,464,408,465,405,465,431,445,401,457,428,471,419,475,478,446,391,463,,,382,528,,,353,592,,,340,604,,,341,605,,,347,601,497,445,447,469,,,,,,,,,,,,,,,,
277,data/dataset/train/subject-2/fall/2_standing_falls\frame014.jpg,0,375,498,377,490,380,489,384,487,368,491,365,490,363,489,390,476,361,478,385,496,375,498,441,467,354,465,,,353,521,,,347,583,,,334,598,,,339,598,,,346,593,471,462,421,489,,,,,,,,,,,,,,,,
278,data/dataset/train/subject-2/fall/2_standing_falls\frame015.jpg,0,326,510,320,503,322,501,324,499,317,505,316,505,316,504,334,485,319,491,341,508,335,510,418,466,320,481,,,322,528,,,340,578,,,333,594,,,337,594,,,343,589,445,472,393,497,,,,,,,,,,,,,,,,
279,data/dataset/train/subject-2/fall/2_standing_falls\frame016.jpg,0,272,526,270,520,271,519,274,517,266,522,265,521,265,521,304,501,272,505,288,522,281,525,369,483,288,488,,,,,,,342,571,,,334,585,,,334,586,,,339,581,409,483,375,511,,,,,,,,,,,,,,,,
280,data/dataset/train/subject-2/fall/2_standing_falls\frame017.jpg,0,241,535,235,531,236,530,237,528,233,533,232,532,231,531,242,513,232,518,250,529,247,532,316,489,253,498,,,,,,,,,,,,,,,,,,,,,381,499,353,531,,,,,,,,,,,,,,,,
281,data/dataset/train/subject-2/fall/2_standing_falls\frame018.jpg,0,218,551,212,548,212,546,212,545,211,549,210,549,209,548,212,531,208,538,226,545,224,547,274,488,228,527,,,,,,,,,,,,,,,,,,,,,376,524,358,562,,,,,,,,,,,,,,,,
282,data/dataset/train/subject-2/fall/2_standing_falls\frame019.jpg,0,210,559,200,556,200,553,200,551,201,560,201,561,200,561,198,536,199,552,218,549,218,555,252,494,228,548,,,,,342,583,,,,,,,,,,,,,,,355,518,350,564,,,386,578,,,,,,,,,,,,
283,data/dataset/train/subject-2/fall/2_standing_falls\frame020.jpg,0,203,565,192,564,190,562,188,559,194,567,195,568,196,568,187,542,196,557,209,555,211,559,236,488,236,557,,,,,316,579,,,,,,,,,,,,,,,357,500,368,550,,,382,577,,,,,,,,,,,,
284,data/dataset/train/subject-2/fall/2_standing_falls\frame021.jpg,0,205,561,196,559,194,557,192,556,198,561,198,561,198,561,188,540,195,552,209,553,212,555,227,487,236,553,,,,,294,576,,,302,590,,,,,,,,,,,363,487,377,533,,,366,579,,,,,,,,,,,,
285,data/dataset/train/subject-2/fall/2_standing_falls\frame022.jpg,0,207,560,197,558,195,557,193,555,201,561,201,561,201,561,188,539,198,555,209,552,215,553,221,486,236,555,290,497,,,291,568,,,296,583,,,289,584,,,,,,,366,481,375,528,,,348,580,,,,,,,,,,,,
286,data/dataset/train/subject-2/fall/2_standing_falls\frame023.jpg,0,200,556,192,555,190,553,188,550,195,559,196,560,197,561,188,536,198,557,205,549,209,553,222,489,240,557,281,496,,,268,568,,,265,581,,,254,581,,,,,,,367,481,374,534,,,336,579,,,,,,,,,,,,
287,data/dataset/train/subject-2/fall/2_standing_falls\frame024.jpg,0,193,544,187,542,186,540,186,538,189,548,190,550,192,552,189,530,197,551,200,536,203,544,226,486,241,555,,,,,,,,,,,,,,,,,,,,,359,479,365,530,322,476,333,582,,,,,,,,,,,,
288,data/dataset/train/subject-2/fall/2_standing_falls\frame025.jpg,0,201,533,194,532,194,530,194,528,196,538,196,540,197,542,196,524,200,546,207,527,208,535,228,481,240,554,,,,,,,,,,,,,,,,,,,,,361,469,374,526,288,503,330,589,,,,,,,,,,,,
289,data/dataset/train/subject-2/fall/2_standing_falls\frame026.jpg,0,203,534,195,534,194,532,193,530,199,539,199,540,200,542,195,525,204,543,207,527,211,535,230,479,249,550,,,,,,,,,,,,,,,,,,,,,359,467,374,524,291,518,326,590,,,,,,,,,,,,
290,data/dataset/train/subject-2/fall/2_standing_falls\frame027.jpg,0,208,532,201,531,200,529,199,527,202,536,203,538,204,540,201,523,208,542,213,525,216,534,234,478,251,550,,,,,,,,,,,,,,,,,,,,,364,466,374,518,302,528,310,584,,,,,,,,,443,563,,
291,data/dataset/train/subject-2/fall/2_standing_falls\frame028.jpg,0,207,531,199,530,198,528,198,525,202,535,202,537,203,539,201,523,208,542,211,524,214,532,234,477,252,551,,,,,,,,,,,,,,,,,,,,,367,466,374,517,311,533,310,583,,,,,,,,,463,573,,
292,data/dataset/train/subject-2/fall/2_standing_falls\frame029.jpg,0,209,539,200,537,198,535,196,532,203,542,204,543,205,545,199,526,207,545,213,530,216,538,233,475,254,550,,,,,,,,,,,,,,,,,,,,,369,464,376,516,319,536,314,582,,,,,,,,,477,582,,
293,data/dataset/train/subject-2/fall/2_standing_falls\frame030.jpg,0,203,543,193,542,191,540,190,537,196,546,198,547,199,549,194,528,202,548,208,533,212,542,232,475,253,554,,,,,285,506,,,,,,,,,,,,,,,371,465,376,519,321,531,324,584,,,,,,,,,481,586,,
294,data/dataset/train/subject-2/fall/2_standing_falls\frame031.jpg,0,201,545,192,544,191,542,190,539,196,548,197,549,199,551,194,529,203,549,206,536,211,543,233,476,254,554,,,,,288,507,,,,,,,,,,,,,,,371,465,377,520,326,534,329,586,450,552,,,,,,,486,585,,
295,data/dataset/train/subject-2/fall/2_standing_falls\frame032.jpg,0,203,545,194,544,192,542,191,540,197,548,199,549,200,550,194,530,203,549,208,536,213,543,233,477,253,554,,,,,290,508,,,,,,,,,,,,,,,371,465,377,520,328,537,330,585,455,550,,,,,,,489,585,,
296,data/dataset/train/subject-2/fall/2_standing_falls\frame033.jpg,0,204,546,194,545,193,543,192,540,198,549,199,550,200,551,195,530,203,550,209,537,214,544,232,477,253,554,304,449,,,290,509,,,,,,,,,,,,,,,372,465,378,520,327,537,331,586,456,550,,,474,539,,,489,585,,
297,data/dataset/train/subject-2/fall/2_standing_falls\frame034.jpg,0,202,546,191,545,190,543,189,541,196,549,197,550,198,552,193,530,202,550,208,537,212,544,232,477,253,555,303,449,,,290,510,,,,,,,,,,,,,,,371,465,378,520,325,538,332,587,456,550,,,473,540,,,489,585,,
298,data/dataset/train/subject-2/fall/2_standing_falls\frame035.jpg,0,204,546,194,545,193,542,192,540,198,549,199,550,200,552,195,529,203,550,210,537,214,545,233,477,252,555,302,448,,,289,510,,,,,,,,,,,,,,,372,465,378,519,325,538,332,586,456,551,,,472,540,,,489,587,,
299,data/dataset/train/subject-2/fall/2_standing_falls\frame036.jpg,0,205,547,195,545,194,543,192,540,199,550,200,551,201,552,196,529,204,551,210,538,214,545,232,477,252,556,301,448,,,288,508,,,,,,,,,,,,,,,371,465,377,518,325,537,331,585,455,551,,,471,542,,,489,587,,
300,data/dataset/train/subject-2/fall/2_standing_falls\frame037.jpg,0,200,546,191,545,190,542,189,539,195,549,196,550,197,551,194,528,202,550,207,537,212,544,232,477,251,557,300,448,,,287,507,,,,,,,,,,,,,,,370,466,377,518,325,539,332,585,455,551,,,471,542,,,490,587,490,588
301,data/dataset/train/subject-2/fall/2_standing_falls\frame038.jpg,0,201,546,192,544,190,541,189,539,195,549,197,550,198,551,194,528,202,550,207,536,212,544,233,477,252,556,300,447,,,287,507,,,,,,,,,,,,,,,370,466,377,518,326,542,334,586,456,551,,,471,541,,,491,587,490,589
302,data/dataset/train/subject-2/fall/2_standing_falls\frame039.jpg,0,201,545,191,544,190,541,189,538,195,548,196,549,197,551,194,527,202,549,208,536,212,544,233,477,252,556,300,447,,,287,507,,,,,,,,,,,,,,,370,466,377,517,326,542,336,586,457,551,,,472,540,,,491,587,491,590
303,data/dataset/train/subject-2/fall/2_standing_falls\frame040.jpg,0,201,545,191,543,190,540,189,538,195,548,196,549,197,551,194,527,202,549,208,536,212,544,233,477,252,556,300,447,,,288,506,,,,,,,,,,,,,,,370,466,377,516,326,541,,,457,550,,,473,540,,,491,587,,
304,data/dataset/train/subject-2/fall/2_standing_falls\frame041.jpg,0,205,544,193,542,192,539,191,537,197,548,198,549,199,550,194,527,202,549,210,535,215,543,234,477,252,556,300,447,,,288,506,,,,,,,,,,,,,,,370,466,378,515,326,542,,,458,550,,,474,539,,,492,587,,
305,data/dataset/train/subject-2/fall/2_standing_falls\frame042.jpg,0,206,543,195,540,193,537,192,534,199,546,200,548,201,550,194,526,203,549,211,533,216,542,234,477,252,556,301,447,,,288,506,,,289,525,,,,,,,,,,,370,466,378,515,328,544,,,458,550,,,474,539,,,493,587,,
306,data/dataset/train/subject-2/fall/2_standing_falls\frame043.jpg,0,206,543,195,540,194,537,193,534,199,546,200,548,201,550,195,526,203,549,212,533,216,542,234,477,253,556,301,447,,,288,506,,,289,526,,,,,,,,,,,370,466,379,515,328,544,,,459,550,,,474,539,,,493,588,,
307,data/dataset/train/subject-2/fall/2_standing_falls\frame044.jpg,0,206,543,195,539,194,536,193,533,199,546,200,547,201,549,195,525,203,549,211,533,216,542,234,477,254,555,301,447,,,288,506,,,289,525,,,,,,,,,,,370,466,379,515,329,544,,,459,551,,,474,539,,,493,588,,
308,data/dataset/train/subject-2/fall/2_standing_falls\frame045.jpg,0,206,543,195,540,194,537,193,534,199,546,200,547,201,549,195,526,203,549,211,533,216,542,234,478,255,555,301,447,,,288,506,,,290,525,,,,,,,,,,,370,466,380,514,328,544,,,459,551,,,474,540,,,494,588,,
309,data/dataset/train/subject-2/fall/2_standing_falls\frame046.jpg,0,207,543,196,540,195,537,193,534,200,546,201,547,202,549,195,526,204,549,212,533,216,542,234,478,255,555,301,447,,,289,506,,,291,525,,,,,,,,,,,370,466,380,514,327,544,,,459,552,,,474,540,,,493,588,,
310,data/dataset/train/subject-2/fall/2_standing_falls\frame047.jpg,0,207,543,196,540,195,537,193,534,200,546,201,547,202,549,196,525,204,549,212,533,217,542,234,478,255,556,301,447,,,289,506,,,291,525,,,,,,,,,,,369,466,380,514,327,544,,,458,552,,,474,540,,,494,588,,
311,data/dataset/train/subject-2/fall/2_standing_falls\frame048.jpg,0,207,542,196,539,195,536,194,533,200,545,201,547,202,549,196,525,204,549,212,532,217,542,235,478,255,556,301,447,,,289,506,,,291,525,,,,,,,,,,,369,466,380,514,327,543,,,458,552,,,474,540,,,494,588,,
312,data/dataset/train/subject-2/fall/2_standing_falls\frame049.jpg,0,208,543,196,540,195,536,194,533,200,546,201,548,202,549,196,525,204,549,213,534,217,543,235,478,255,556,301,447,,,289,506,,,291,525,,,,,,,,,,,369,466,380,514,327,543,,,458,552,,,474,540,,,494,588,,
313,data/dataset/train/subject-2/fall/2_standing_falls\frame050.jpg,0,208,543,196,540,195,537,194,533,200,546,201,548,202,550,196,525,204,550,213,534,217,543,235,479,256,556,301,448,,,289,506,,,291,525,,,,,,,,,,,369,466,380,514,327,543,,,458,553,,,474,540,,,494,588,,
314,data/dataset/train/subject-2/fall/2_standing_falls\frame051.jpg,0,208,542,196,539,195,536,194,533,200,545,201,547,202,549,196,525,204,549,213,533,217,542,235,479,256,557,301,448,,,289,506,,,291,525,,,277,527,,,,,,,369,466,380,514,328,544,,,458,553,,,474,541,,,494,588,,
315,data/dataset/train/subject-2/fall/2_standing_falls\frame052.jpg,0,208,542,196,540,195,537,194,534,200,545,201,547,201,549,196,525,203,549,213,533,217,542,235,479,256,557,302,448,,,289,506,,,290,525,,,277,527,,,,,,,370,466,380,514,327,542,,,458,553,,,474,541,,,494,588,,
316,data/dataset/train/subject-2/fall/2_standing_falls\frame053.jpg,0,208,542,197,540,196,537,195,534,200,545,201,547,202,549,196,525,204,549,214,533,218,542,235,479,256,557,302,449,,,289,507,,,289,525,,,277,527,,,,,,,370,466,380,514,326,541,,,457,553,,,474,541,,,494,588,492,591
317,data/dataset/train/subject-2/fall/2_standing_falls\frame054.jpg,0,208,543,196,541,195,538,194,535,199,546,200,548,201,549,196,526,204,550,213,534,217,542,234,479,256,557,302,449,,,289,507,,,288,526,,,276,528,,,,,,,370,466,380,514,327,541,,,457,553,,,474,541,,,494,588,492,591
318,data/dataset/train/subject-2/fall/2_standing_falls\frame055.jpg,0,207,544,196,542,195,538,193,535,199,548,200,549,201,551,196,526,204,551,213,535,217,544,234,479,256,557,302,449,,,289,507,,,288,526,,,276,528,,,,,,,370,466,380,514,327,541,,,457,553,,,474,541,,,494,588,492,591
319,data/dataset/train/subject-2/fall/2_standing_falls\frame056.jpg,0,204,545,194,542,192,539,191,535,197,548,198,550,198,551,195,526,203,551,210,536,215,544,234,479,256,557,302,449,,,289,507,,,288,526,,,276,528,,,,,,,370,466,380,514,328,541,,,458,553,,,474,541,,,494,588,492,590
320,data/dataset/train/subject-2/fall/2_standing_falls\frame057.jpg,0,202,545,192,542,191,539,190,535,195,549,196,550,197,552,194,526,202,551,208,536,213,545,233,479,256,558,302,449,,,289,507,,,288,527,,,276,528,,,,,,,370,467,380,514,329,541,,,458,553,,,474,541,,,494,588,492,591
321,data/dataset/train/subject-2/fall/2_standing_falls\frame058.jpg,0,202,546,192,543,191,539,190,536,195,549,196,551,197,553,194,526,202,552,208,536,213,545,232,480,256,558,302,449,,,288,507,,,288,527,,,276,528,,,,,,,370,467,380,514,329,541,,,457,553,,,474,541,,,494,588,492,591
322,data/dataset/train/subject-2/fall/2_standing_falls\frame059.jpg,0,199,547,190,543,189,540,188,536,192,550,193,552,194,553,193,526,200,552,205,537,210,546,232,480,255,558,302,449,,,288,507,,,288,527,,,276,528,,,,,,,370,467,378,514,329,541,,,458,553,,,474,541,,,494,588,492,591
323,data/dataset/train/subject-2/fall/2_standing_falls\frame060.jpg,0,197,547,189,543,187,540,187,536,191,550,192,552,193,553,192,526,199,552,204,537,209,546,231,480,254,558,302,449,,,288,507,,,287,527,,,276,528,,,,,,,370,467,378,514,329,541,,,457,553,,,474,542,,,493,588,491,591
324,data/dataset/train/subject-2/fall/2_standing_falls\frame061.jpg,0,198,547,189,543,188,540,187,536,191,550,192,552,193,553,192,526,198,552,205,537,209,546,231,480,254,558,301,449,,,288,507,,,287,527,,,276,528,,,,,,,370,467,377,514,329,542,,,457,554,,,474,542,,,493,588,491,591
325,data/dataset/train/subject-2/fall/2_standing_falls\frame062.jpg,0,197,548,188,544,187,541,186,537,190,551,191,552,192,554,191,527,198,552,204,539,208,547,230,480,254,558,301,449,,,288,507,,,286,527,,,276,528,,,,,,,369,467,377,513,328,544,,,456,554,,,473,542,,,493,588,491,591
326,data/dataset/train/subject-2/fall/2_standing_falls\frame063.jpg,0,197,548,188,544,187,541,185,537,191,551,192,552,193,554,190,527,198,552,204,539,208,547,230,480,254,558,301,449,,,287,507,,,286,527,,,276,528,,,,,,,369,467,377,513,328,546,,,456,554,,,474,543,,,493,588,491,592
327,data/dataset/train/subject-2/fall/2_standing_falls\frame064.jpg,0,196,549,187,545,186,542,185,538,190,551,191,552,192,554,190,527,197,552,203,539,208,548,230,480,253,558,301,449,,,287,507,,,285,527,,,275,528,,,,,,,369,467,377,513,328,546,,,456,554,,,474,543,,,493,588,491,592
328,data/dataset/train/subject-2/fall/2_standing_falls\frame065.jpg,0,195,549,186,545,185,542,184,538,190,551,191,552,192,554,190,528,197,552,202,539,207,548,230,480,253,558,301,449,,,286,507,,,284,528,,,274,529,,,,,,,369,467,377,513,327,546,,,457,554,,,474,543,,,493,588,491,592
329,data/dataset/train/subject-2/fall/2_standing_falls\frame066.jpg,0,196,549,187,545,186,542,185,538,191,551,192,552,193,554,190,528,199,552,203,539,208,548,230,480,254,558,301,449,,,286,507,,,284,527,,,274,529,,,,,,,369,467,377,512,327,545,,,457,554,,,475,543,,,493,588,491,592
